Unnamed: 0,Tronc,Unnamed: 2,charpant,Unnamed: 4,1er ss charpante,Unnamed: 6,2ème ss charpante,Unnamed: 8,3ème ss charpante,Unnamed: 10,4ème ss charpante,Unnamed: 12,Rameaux,Unnamed: 14,Unnamed: 15,Fruit 1,Unnamed: 17,Fruit 2,Unnamed: 19,Fruit 3,Unnamed: 21,Fruit 4,Unnamed: 23,Unnamed: 24,Unnamed: 25,Unnamed: 26,Unnamed: 27,Unnamed: 28,Unnamed: 29,Unnamed: 30,Unnamed: 1,Unnamed: 3,Unnamed: 5,Unnamed: 7,Unnamed: 9,Unnamed: 11,5ème ss charpante,Unnamed: 13,Unnamed: 16,Unnamed: 18,Unnamed: 20,Unnamed: 22,Fruit 5,Fruit 6,Unnamed: 31,Unnamed: 32,Unnamed: 33,Unnamed: 34,Unnamed: 35,Fruit 7,Fruit 8,Unnamed: 36,Unnamed: 37
,Diam,Long,Diam,Long,Diam,Long,Diam,Long,Diam,Long,Diam,Long,N° ram,Diam,Long,Poids,Diam,Poids,Diam,Poids,Diam,Poids,Diam,Numero SS_ch,Niveau,Num_SC_mere,Point_insert,DIAM,long,long + Point_insert,,,,,,,,,,,,,,,,,,,,,,,
A1-1,66.5,40,39,40,53.75,1,,,,,,,R1,6.14,50,112,56,,,,,,,1,1,0,80,53.75,1,81,,,,,,,,,,,,,,,,,,,,,,,
A1-2,66.5,40,39,40,53.75,1,6.14,4,,,,,R2,5.21,51,,,,,,,,,2,2,1,81,6.14,4,85,,,,,,,,,,,,,,,,,,,,,,,
A1-3,66.5,40,39,58,14.2,7.3,,,,,,,R3,7.1,1.6,72,47.5,,,,,,,3,1,0,138,14.2,7.3,145.3,,,,,,,,,,,,,,,,,,,,,,,
A1-4,66.5,40,39,17,62.2,10,,,,,,,R4,9.05,59,,,,,,,,,4,1,0,155,62.2,10,165,,,,,,,,,,,,,,,,,,,,,,,
A1-5,66.5,40,39,17,62.2,35,20.86,1,,,,,R5,7.48,59,200,71,,,,,,,5,2,4,200,20.86,1,201,,,,,,,,,,,,,,,,,,,,,,,
A1-6,66.5,40,39,17,62.2,14,14.55,6,,,,,R6,4.6,32,174,67,,,,,,,6,2,4,201,14.55,6,207,,,,,,,,,,,,,,,,,,,,,,,
A1-7,66.5,40,39,17,62.2,14,14.55,7,,,,,R7,5.71,49,156,65,116,56,48,44,,,7,2,4,207,14.55,7,214,,,,,,,,,,,,,,,,,,,,,,,
A1-8,66.5,40,39,17,62.2,-6.5,13.33,2,,,,,R8,8.2,49,130,60.5,,,,,,,8,2,4,214,13.33,2,216,,,,,,,,,,,,,,,,,,,,,,,
A1-9,66.5,40,39,17,62.2,-6.5,13.33,6,,,,,R9,5.32,47,104,53.5,,,,,,,9,2,4,220,13.33,6,226,,,,,,,,,,,,,,,,,,,,,,,
A1-10,66.5,40,39,17,62.2,14,,,,,,,R10,7.42,65,68,45,46,40,42,38,54,46,10,1,0,155,62.2,14,169,,,,,,,,,,,,,,,,,,,,,,,
A1-11,66.5,40,39,17,62.2,22,,,,,,,R11,8.06,68,148,62,,,,,,,11,1,0,155,62.2,22,177,,,,,,,,,,,,,,,,,,,,,,,
A1-12,66.5,40,39,17,62.2,6,14.21,8,,,,,R12,7.85,86,138,60,76,49.5,80,48,58,47,12,2,4,257,14.21,8,265,,,,,,,,,,,,,,,,,,,,,,,
A1-13,66.5,40,39,17,62.2,23,,,,,,,R13,13.51,79,198,71,180,69,,,,,13,1,0,155,62.2,23,178,,,,,,,,,,,,,,,,,,,,,,,
A1-14,66.5,40,39,17,62.2,10,36.6,3,13.92,9,,,R14,9.5,94,156,62,120,57,,,,,14,3,5,293,13.92,9,302,,,,,,,,,,,,,,,,,,,,,,,
A1-15,66.5,40,39,17,62.2,10,36.6,3,13.92,4,,,R15,9.53,66,158,66,174,51,,,,,15,3,5,302,13.92,4,306,,,,,,,,,,,,,,,,,,,,,,,
A1-16,66.5,40,39,17,62.2,-10,,,,,,,R16,6.93,45,176,64.5,158,63.5,,,,,16,1,0,155,62.2,-10,145,,,,,,,,,,,,,,,,,,,,,,,
A1-17,66.5,40,39,17,62.2,-15,,,,,,,R17,6.5,24,118,64,88,65,,,,,17,1,0,155,62.2,-15,140,,,,,,,,,,,,,,,,,,,,,,,
A1-18,66.5,40,39,17,62.2,23,26,4,,,,,R18,4.76,27,162,65.5,,,,,,,18,2,4,275,26,4,279,,,,,,,,,,,,,,,,,,,,,,,
A1-19,66.5,40,39,17,62.2,23,26,23,14.24,3.5,,,R19,11.95,108,146,66,164,68,116,64.5,,,19,3,5,302,14.24,3.5,305.5,,,,,,,,,,,,,,,,,,,,,,,
A1-20,66.5,40,39,17,62.2,23,26,0,16.06,42,14.54,8,R20,10.8,95,238,77,,,,,,,20,4,14,347.5,14.54,8,355.5,,,,,,,,,,,,,,,,,,,,,,,
A1-21,66.5,40,39,17,62.2,23,26,0,16.06,42,14.54,6,R21,8.18,60,166,55,,,,,,,21,4,14,355.5,14.54,6,361.5,,,,,,,,,,,,,,,,,,,,,,,
A1-22,66.5,40,39,0,,,,,,,,,R22,4.58,32,110,61.5,,,,,,,22,0,0,155,39,0,155,,,,,,,,,,,,,,,,,,,,,,,
A1-23,66.5,40,39,59,,,,,,,,,R23,6.32,31,154,66,,,,,,,23,0,0,214,39,59,273,,,,,,,,,,,,,,,,,,,,,,,
A1-24,66.5,40,39,13,,,,,,,,,R24,7.12,58,,,,,,,,,24,0,0,227,39,13,240,,,,,,,,,,,,,,,,,,,,,,,
A1-25,66.5,40,39,0,13.02,1,13.62,19,,,,,R25,6.96,75,146,63,106,58,92,58,,,25,2,25,228,13.62,19,247,,,,,,,,,,,,,,,,,,,,,,,
A1-26,66.5,40,39,8,13.02,0,,,,,,,R26,10.89,123,184,69,186,66,,,,,26,1,0,235,13.02,0,235,,,,,,,,,,,,,,,,,,,,,,,
A1-27,66.5,40,39,32,60,36,43,23,,,,,R27,8.9,92,172,69,,,,,,,27,2,27,271,43,23,294,,,,,,,,,,,,,,,,,,,,,,,
A1-28,66.5,40,39,9,54.07,28.5,,,,,,,R94,6.74,76.5,,,,,,,,,28,1,1,276,54.07,28.5,304.5,,,,,,,,,,,,,,,,,,,,,,,
A1-29,66.5,40,39,32,60,36,43,12,,,,,R28,9.48,93,200,73.5,,,,,,,29,2,27,335,43,12,347,,,,,,,,,,,,,,,,,,,,,,,
A1-30,66.5,40,39,32,60,8,51,27,,,,,R29,10.16,118,222,75,200,74.5,224,75,,,30,2,27,347,51,27,374,,,,,,,,,,,,,,,,,,,,,,,
A1-31,66.5,40,39,32,60,-3,,,,,,,R30,8.55,105,174,68,140,60,,,,,31,1,1,271,60,-3,268,,,,,,,,,,,,,,,,,,,,,,,
A1-32,66.5,40,39,32,60,3,51,40,,,,,R31,8.66,101,164,68,172,69.5,172,70,,,32,2,27,271,51,40,311,,,,,,,,,,,,,,,,,,,,,,,
A1-33,66.5,40,90,54,12.94,12,,,,,,,R32,10.01,102,106,57,,,,,,,33,1,33,94,12.94,12,106,,,,,,,,,,,,,,,,,,,,,,,
A1-34,66.5,40,90,54,12.94,3,,,,,,,R33,5.96,53,128,58,118,57,,,,,34,1,33,94,12.94,3,97,,,,,,,,,,,,,,,,,,,,,,,
A1-35,66.5,40,90,29,9.77,30,,,,,,,R34,4.83,39,118,55,,,,,,,35,1,35,123,9.77,30,153,,,,,,,,,,,,,,,,,,,,,,,
A1-36,66.5,40,90,34,20,16,,,,,,,R35,7.12,93,122,58,122,58,,,,,36,1,35,157,20,16,173,,,,,,,,,,,,,,,,,,,,,,,
A1-37,66.5,40,90,34,40,13,,,,,,,R36,16.15,60,152,61,92,54,,,,,37,1,37,173,40,13,186,,,,,,,,,,,,,,,,,,,,,,,
A1-38,66.5,40,90,34,40,10,13.44,29,,,,,R37,4.01,27,176,69.5,,,,,,,38,2,38,196,13.44,29,225,,,,,,,,,,,,,,,,,,,,,,,
A1-39,66.5,40,90,34,40,10,13.44,13,,,,,R38,5.48,29,,,,,,,,,39,2,38,225,13.44,13,238,,,,,,,,,,,,,,,,,,,,,,,
A1-40,66.5,40,90,34,40,56,12.72,1,,,,,R39,7.2,54,,,,,,,,,40,2,38,226,12.72,1,227,,,,,,,,,,,,,,,,,,,,,,,
A1-41,66.5,40,90,34,40,3,,,,,,,R40,17.77,180,254,78,226,76,182,70,,,41,1,37,157,40,3,160,,,,,,,,,,,,,,,,,,,,,,,
A1-42,66.5,40,90,40,76,43,8.62,15,,,,,R41,11.42,125,152,68,138,61,,,,,42,2,42,240,8.62,15,255,,,,,,,,,,,,,,,,,,,,,,,
A1-43,66.5,40,90,110,14.86,3,,,,,,,R42,7.99,70.5,172,68,,,,,,,43,1,43,307,14.86,3,310,,,,,,,,,,,,,,,,,,,,,,,
A1-44,66.5,40,90,110,14.86,14.5,,,,,,,R43,6.73,40,,,,,,,,,44,1,43,310,14.86,14.5,324.5,,,,,,,,,,,,,,,,,,,,,,,
A1-45,66.5,40,90,22,22.87,41,,,,,,,R44,13.35,92,178,76,248,78,,,,,45,1,45,329,22.87,41,370,,,,,,,,,,,,,,,,,,,,,,,
A1-46,66.5,40,90,-17,18.98,6,,,,,,,R45,12.7,138,,,,,,,,,46,1,46,312,18.98,6,318,,,,,,,,,,,,,,,,,,,,,,,
A1-47,66.5,40,31.5,56,35.82,59,,,,,,,R46,4.81,26,144,63.5,,,,,,,47,1,47,368,35.82,59,427,,,,,,,,,,,,,,,,,,,,,,,
A1-48,66.5,40,31.5,56,35.82,3,,,,,,,R47,8.6,94,114,56,,,,,,,48,1,47,427,35.82,3,430,,,,,,,,,,,,,,,,,,,,,,,
A1-49,66.5,40,31.5,56,35.82,2,19.12,8,,,,,R48,4.83,31.5,,,,,,,,,49,2,48,432,19.12,8,440,,,,,,,,,,,,,,,,,,,,,,,
A1-50,66.5,40,31.5,56,35.82,2,19.12,6.5,,,,,R49,8.05,64,,,,,,,,,50,2,48,440,19.12,6.5,446.5,,,,,,,,,,,,,,,,,,,,,,,
A1-51,66.5,40,31.5,56,35.82,2,19.12,16,,,,,R50,8.74,53,86,57,104,62,,,,,51,2,48,446.5,19.12,16,462.5,,,,,,,,,,,,,,,,,,,,,,,
A1-52,66.5,40,31.5,56,35.82,0,19.47,24,,,,,R51,7.48,76,188,70,158,75.5,,,,,52,2,48,462.5,19.47,24,486.5,,,,,,,,,,,,,,,,,,,,,,,
A1-53,66.5,40,31.5,56,35.82,0,19.47,2,,,,,R52,7.46,39,182,72,174,70,,,,,53,2,48,486.5,19.47,2,488.5,,,,,,,,,,,,,,,,,,,,,,,
A1-54,66.5,40,31.5,56,48.52,44,,,,,,,R53,5.96,60,144,49,96,55,,,,,54,1,54,368,48.52,44,412,,,,,,,,,,,,,,,,,,,,,,,
A1-55,66.5,40,31.5,56,48.52,12.5,,,,,,,R54,7.97,80,190,70,,,,,,,55,1,54,368,48.52,12.5,380.5,,,,,,,,,,,,,,,,,,,,,,,
A1-56,66.5,40,31.5,56,48.52,20,8.98,8,,,,,R55,6.38,88,128,60,,,,,,,56,2,55,444.5,8.98,8,452.5,,,,,,,,,,,,,,,,,,,,,,,
A1-57,66.5,40,31.5,56,48.52,29.5,,,,,,,R56,6,29,126,59,,,,,,,57,1,54,368,48.52,29.5,397.5,,,,,,,,,,,,,,,,,,,,,,,
A1-58,66.5,40,31.5,56,48.52,23,,,,,,,R57,7.36,26,138,66,148,64.5,,,,,58,1,54,368,48.52,23,391,,,,,,,,,,,,,,,,,,,,,,,
A1-59,66.5,40,31.5,56,48.52,4,,,,,,,R58,9.29,63,190,68,134,59,,,,,59,1,54,368,48.52,4,372,,,,,,,,,,,,,,,,,,,,,,,
A1-60,66.5,40,31.5,56,48.52,46.5,13.3,2.5,,,,,R59,8.02,83,132,60,164,68,146,60,140,64,60,2,59,547.5,13.3,2.5,550,,,,,,,,,,,,,,,,,,,,,,,
A1-61,66.5,40,31.5,34,13.69,6.5,,,,,,,R60,4.62,27,,,,,,,,,61,1,61,402,13.69,6.5,408.5,,,,,,,,,,,,,,,,,,,,,,,
A1-62,66.5,40,31.5,34,13.69,3,,,,,,,R61,7.86,23,,,,,,,,,62,1,61,402,13.69,3,405,,,,,,,,,,,,,,,,,,,,,,,
A1-63,66.5,40,31.5,35.5,,,,,,,,,R62,17.04,175,232,73,108,58,,,,,63,0,0,40,31.5,35.5,75.5,,,,,,,,,,,,,,,,,,,,,,,
A1-64,66.5,40,31.5,28,37.13,3.5,,,,,,,R63,5.94,55.5,,,,,,,,,64,1,64,465.5,37.13,3.5,469,,,,,,,,,,,,,,,,,,,,,,,
A1-65,66.5,40,31.5,13,54.43,94,,,,,,,R64,9.06,67,,,,,,,,,65,1,65,478.5,54.43,94,572.5,,,,,,,,,,,,,,,,,,,,,,,
A1-66,66.5,40,31.5,13,54.43,7,31.15,17,,,,,R65,11.97,73,208,71,168,66.5,192,69,,,66,2,65,579.5,31.15,17,596.5,,,,,,,,,,,,,,,,,,,,,,,
A1-67,66.5,40,31.5,13,54.43,7,29.13,4,,,,,R66,11.62,77,224,74,150,63,170,76,,,67,2,65,596.5,29.13,4,600.5,,,,,,,,,,,,,,,,,,,,,,,
A1-68,66.5,40,31.5,13,54.43,-47,,,,,,,R67,4,133,262,84,262,85,144,63,,,68,1,65,478.5,54.43,-47,431.5,,,,,,,,,,,,,,,,,,,,,,,
A1-69,66.5,40,31.5,30,52.92,28.5,28.16,3,,,,,R68,8.15,67,,,,,,,,,69,2,69,537,28.16,3,540,,,,,,,,,,,,,,,,,,,,,,,
A1-70,66.5,40,31.5,30,52.92,28.5,28.16,0,,,,,R69,10.88,107.5,246,74,206,70,192,71,162,65,70,0,69,540,28.16,0,540,,,,,,,,,,,,,,,,,,,,,,,
A1-71,66.5,40,31.5,30,52.92,16,26.64,3,,,,,R70,9.63,81.5,172,68,158,65,158,65,,,71,2,69,553,26.64,3,556,,,,,,,,,,,,,,,,,,,,,,,
A1-72,66.5,40,31.5,30,52.92,16,26.64,0,,,,,R71,8.19,69.5,224,64,148,64,162,75,,,72,0,69,556,26.64,0,556,,,,,,,,,,,,,,,,,,,,,,,
A1-73,66.5,40,31.5,30,52.92,14,15.99,36,,,,,R72,10.24,56.5,182,69,138,63,,,,,73,2,69,570,15.99,36,606,,,,,,,,,,,,,,,,,,,,,,,
A1-74,66.5,40,31.5,30,52.92,-16,,,,,,,R73,8.04,87,200,70,156,64,,,,,74,1,69,567,52.92,-16,551,,,,,,,,,,,,,,,,,,,,,,,
A1-75,66.5,40,29.5,24,,,,,,,,,R74,15.37,123,168,66,130,63,,,,,75,0,0,40,29.5,24,64,,,,,,,,,,,,,,,,,,,,,,,
A1-76,66.5,40,29.5,23,,,,,,,,,R75,4.79,43.5,110,56,,,,,,,76,0,0,40,29.5,23,63,,,,,,,,,,,,,,,,,,,,,,,
A1-77,66.5,40,29.5,56,15.49,5,,,,,,,R76,6.18,61,170,65,136,61.5,74,54,,,77,1,75,611.5,15.49,5,616.5,,,,,,,,,,,,,,,,,,,,,,,
A1-78,66.5,40,29.5,-46.5,11.89,4,,,,,,,R77,4.68,41,,,,,,,,,78,1,75,565,11.89,4,569,,,,,,,,,,,,,,,,,,,,,,,
A1-79,66.5,40,29.5,-46.5,11.89,4.5,9.36,14,,,,,R78,6.55,43,134,68,116,66,,,,,79,2,78,569.5,9.36,14,583.5,,,,,,,,,,,,,,,,,,,,,,,
A1-80,66.5,40,29.5,-14.5,,,,,,,,,R79,5.64,59.5,,,,,,,,,80,0,0,40,29.5,-14.5,25.5,,,,,,,,,,,,,,,,,,,,,,,
A1-81,66.5,40,29.5,32,16.3,11,,,,,,,R80,4.39,28,74,51,76,50,82,49,,,81,1,75,587,16.3,11,598,,,,,,,,,,,,,,,,,,,,,,,
A1-82,66.5,40,29.5,32,16.3,6,,,,,,,R81,5.4,34,110,57,,,,,,,82,1,75,587,16.3,6,593,,,,,,,,,,,,,,,,,,,,,,,
A1-83,66.5,40,29.5,32,16.3,2,,,,,,,R82,4.96,45,102,52.5,,,,,,,83,1,75,587,16.3,2,589,,,,,,,,,,,,,,,,,,,,,,,
A1-84,66.5,40,29.5,30,14.84,12.65,,,,,,,R83,10.63,113,148,63,202,70,134,68,,,84,1,75,617,14.84,12.65,629.65,,,,,,,,,,,,,,,,,,,,,,,
A1-85,66.5,40,29.5,65,,,,,,,,,R84,4.93,23.5,134,58,,,,,,,85,0,0,40,29.5,65,105,,,,,,,,,,,,,,,,,,,,,,,
A1-86,66.5,40,29.5,13.5,10.5,9.5,,,,,,,R85,6,61,146,64,,,,,,,86,1,75,695.5,10.5,9.5,705,,,,,,,,,,,,,,,,,,,,,,,
A1-87,66.5,40,29.5,12,,,,,,,,,R86,7.35,32.5,164,69,126,63.5,,,,,87,0,0,40,29.5,12,52,,,,,,,,,,,,,,,,,,,,,,,
A1-88,66.5,40,29.5,23.5,,,,,,,,,R87,9.64,117,172,67,244,77,192,70,,,88,0,0,40,29.5,23.5,63.5,,,,,,,,,,,,,,,,,,,,,,,
A1-89,66.5,40,29.5,5.5,30.88,38,,,,,,,R88,9.35,80,210,70,194,70,258,78,,,89,1,75,736.5,30.88,38,774.5,,,,,,,,,,,,,,,,,,,,,,,
A1-90,66.5,40,29.5,9,,,,,,,,,R89,10.25,106.5,,,,,,,,,90,0,0,40,29.5,9,49,,,,,,,,,,,,,,,,,,,,,,,
A1-91,66.5,40,29.5,-45,66.38,31,59.17,10,,,,,R90,10.14,116,136,60,,,,,,,91,2,91,731.5,59.17,10,741.5,,,,,,,,,,,,,,,,,,,,,,,
A1-92,66.5,40,29.5,-45,66.38,31,59.17,8.5,19.16,13,,,R91,5.1,20,186,69,,,,,,,92,3,92,750,19.16,13,763,,,,,,,,,,,,,,,,,,,,,,,
A1-93,66.5,40,29.5,-45,66.38,31,59.17,8.5,19.16,9,,,R92,11.72,106.5,214,73,200,68,182,69,,,93,3,92,763,19.16,9,772,,,,,,,,,,,,,,,,,,,,,,,
A1-94,66.5,40,29.5,-45,66.38,31,59.17,8.5,19.16,19,,,R93,8.3,73,218,74,248,76,71,47,,,94,3,92,772,19.16,19,791,,,,,,,,,,,,,,,,,,,,,,,
A1-95,66.5,40,29.5,-45,66.38,30.5,43.03,10,24.29,6.5,,,R95,5.74,48.5,,,,,,,,,95,3,92,791,24.29,6.5,797.5,,,,,,,,,,,,,,,,,,,,,,,
A1-96,66.5,40,29.5,-45,66.38,0,44.93,9.5,,,,,R96,10.49,87,214,73.5,222,73.5,190,71,,,96,2,91,762,44.93,9.5,771.5,,,,,,,,,,,,,,,,,,,,,,,
A1-97,66.5,40,29.5,-45,66.38,0,44.93,3,18.94,20.5,,,R97,14.5,100,280,79,152,67,262,82,,,97,3,96,774.5,18.94,20.5,795,,,,,,,,,,,,,,,,,,,,,,,
,Diam,,Diam,,Diam,,Diam,,Diam,,Diam,,N° ram,,Diam,Poids,,Poids,,Poids,,Poids,,Diam,,Diam,,Diam,Numero SS_ch,Niveau,Long,Long,Long,Long,Long,Long,Diam,Long,Long,Diam,Diam,Diam,Poids,Poids,Num_SC_mere,Point_insert,DIAM,long,long + Point_insert,,,,
,64.5,,33,,,,,,,,,,R1,,20,126,,,,,,,,,,,,,1,0,34,62,,,,,,,104,62,,,,,1,34,33,62,96,,,,
,64.5,,33,,,,,,,,,,R2,,10,166,,,,,,,,,,,,,2,0,34,46,,,,,,,59.5,66,,,,,1,96,33,46,142,,,,
,64.5,,33,,,,,,,,,,R3,,12,158,,178,,58,,,,,,,,,3,0,34,66,,,,,,,107,69,71.5,47,,,1,162,33,66,228,,,,
,64.5,,33,,,,,,,,,,R4,,9,186,,178,,152,,,,,,,,,4,0,34,8.5,,,,,,,70.5,73.5,72,65,,,1,228,33,8.5,236.5,,,,
,64.5,,33,,,,,,,,,,R5,,16,162,,136,,210,,218,,75,,63,,61.5,5,0,34,0,,,,,,,129,68,63,74,140,130,1,236.5,33,0,236.5,,,,
,64.5,,33,,66,,,,,,,,R6,,7,128,,134,,142,,112,,60,,,,,6,1,34,0,35,,,,,,44,61,61,65,,,5,236.5,66,35,271.5,,,,
,64.5,,33,,66,,10,,,,,,R7,,6,158,,,,,,,,,,,,,7,2,34,0,0,5,,,,,17,67,,,,,6,271.5,10,5,276.5,,,,
,64.5,,33,,66,,46,,,,,,R8,,9.5,112,,150,,,,,,,,,,,8,2,34,0,46,4,,,,,96,57,66,,,,6,297.5,46,4,301.5,,,,
,64.5,,33,,66,,46,,,,,,R9,,12.5,90,,116,,186,,236,,80,,74,,,9,2,34,0,46,0,,,,,106,51,59,71,222,,6,301.5,46,0,301.5,,,,
,64.5,,33,,66,,34,,,,,,R10,,7,170,,,,,,,,,,,,,10,2,34,0,8,20,,,,,45,67,,,,,6,305.5,34,20,325.5,,,,
,64.5,,33,,66,,34,,,,,,R11,,7.5,182,,,,,,,,,,,,,11,2,34,0,8,14,,,,,22,69,,,,,6,325.5,34,14,339.5,,,,
,64.5,,33,,66,,34,,,,,,R12,,8,210,,200,,,,,,,,,,,12,2,34,0,8,3,,,,,34,73,74,,,,6,339.5,34,3,342.5,,,,
,64.5,,33,,66,,34,,13,,,,R13,,6,148,,126,,,,,,,,,,,13,3,34,0,8,7,6,,,,28,60.5,58,,,,12,349.5,13,6,355.5,,,,
,64.5,,33,,66,,34,,12,,,,R14,,9.5,172,,,,,,,,,,,,,14,3,34,0,8,3,7,,,,43,66.5,,,,,12,359.5,12,7,366.5,,,,
,64.5,,32.5,,55.5,,,,,,,,R15,,5,168,,,,,,,,,,,,,15,1,34,66,25,,,,,,20,67,,,,,15,282.5,55.5,25,307.5,,,,
,64.5,,32.5,,55.5,,,,,,,,R16,,9,104,,202,,184,,,,,,,,,16,1,34,66,15,,,,,,89.5,56.5,73,70,,,15,307.5,55.5,15,322.5,,,,
,64.5,,32.5,,55.5,,,,,,,,R17,,19.5,108,,158,,,,,,,,,,,17,1,34,66,0,,,,,,183,56.5,67,,,,15,322.5,55.5,0,322.5,,,,
,64.5,,32.5,,55.5,,,,,,,,R18,,11,196,,104,,112,,,,,,,,,18,1,34,66,26,,,,,,115.5,70,54,58,,,15,322.5,55.5,26,348.5,,,,
,64.5,,32.5,,55.5,,11,,,,,,R19,,5,152,,,,,,,,,,,,,19,2,34,66,-36,2,,,,,34.5,67,,,,,16,312.5,11,2,314.5,,,,
,64.5,,32.5,,55.5,,,,,,,,R20,,11,140,,178,,,,,,,,,,,20,1,34,66,46,,,,,,3,63,69,,,,15,276.5,55.5,46,322.5,,,,
,64.5,,32.5,,55.5,,35,,,,,,R21,,17,194,,152,,148,,200,,70,,,,,21,2,34,66,0,36,,,,,17,70,69,65,,,21,322.5,35,36,358.5,,,,
,64.5,,32.5,,55.5,,35,,17,,,,R22,,9,174,,150,,,,,,,,,,,22,3,34,66,0,36,77,,,,50,68,64,,,,21,358.5,17,77,435.5,,,,
,64.5,,32.5,,55.5,,,,,,,,R23,,7,92,,70,,74,,,,,,,,,23,1,34,66,17,,,,,,70,53,52,48.5,,,15,322.5,55.5,17,339.5,,,,
,64.5,,32.5,,55.5,,,,,,,,R24,,4.5,112,,90,,,,,,,,,,,24,1,34,66,0,,,,,,38,57,54,,,,15,339.5,55.5,0,339.5,,,,
,64.5,,32.5,,55.5,,,,,,,,R25,,14.5,204,,200,,166,,156,,62,,,,,25,1,34,66,21,,,,,,106,71.5,72,66,,,15,339.5,55.5,21,360.5,,,,
,64.5,,32.5,,55.5,,24,,,,,,R26,,11,182,,214,,150,,116,,59,,,,,26,2,34,66,17,7.5,,,,,82,67,75,63,,,26,356.5,24,7.5,364,,,,
,64.5,,32.5,,55.5,,24,,,,,,R27,,7,216,,186,,180,,,,,,,,,27,2,34,66,17,22,,,,,47,75,70.5,70,,,26,364,24,22,386,,,,
,64.5,,32.5,,55.5,,24,,9.5,,,,R28,,9,150,,154,,,,,,,,,,,28,3,34,66,17,15,5,,,,71.5,64,65,,,,27,401,9.5,5,406,,,,
,64.5,,32.5,,55.5,,24,,,,,,R29,,11,106,,158,,170,,192,,68.5,,74,,,29,2,34,66,17,0,,,,,67,55,64,68,208,,26,401,24,0,401,,,,
,64.5,,32.5,,,,,,,,,,R30,,,100,,,,,,,,,,,,,30,0,34,0,,,,,,,,57.5,,,,,0,34,32.5,0,34,,,,
,64.5,,32.5,,,,,,,,,,R31,,13,160,,58,,,,,,,,,,,31,0,34,24,,,,,,,107,64,49,,,,15,34,32.5,24,58,,,,
,64.5,,32.5,,12,,,,,,,,R32,,7,148,,,,,,,,,,,,,32,1,34,86,13,,,,,,63,64,,,,,31,58,12,13,71,,,,
,64.5,,32.5,,61.5,,,,,,,,R33,,7.5,146,,114,,158,,,,,,,,,33,1,34,25,16,,,,,,68,63,60,65,,,31,144,61.5,16,160,,,,
,64.5,,32.5,,61.5,,,,,,,,R34,,6,134,,108,,84,,,,,,,,,34,1,34,25,-7,,,,,,67.5,62,57.5,54,,,31,185,61.5,-7,178,,,,
,64.5,,32.5,,61.5,,,,,,,,R35,,9,166,,176,,,,,,,,,,,35,1,34,25,7,,,,,,104,66.5,68,,,,31,178,61.5,7,185,,,,
,64.5,,32.5,,,,,,,,,,R36,,8,230,,140,,128,,,,,,,,,36,0,34,0,,,,,,,79,77,64,69.5,,,1,145,32.5,0,145,,,,
,64.5,,32.5,,57.5,,,,,,,,R37,,6,178,,138,,,,,,,,,,,37,1,34,42,32,,,,,,40,69,64,,,,15,187,57.5,32,219,,,,
,64.5,,32.5,,57.5,,,,,,,,R38,,8,174,,242,,,,,,,,,,,38,1,34,42,27,,,,,,59,69.5,79,,,,15,219,57.5,27,246,,,,
,64.5,,32.5,,57.5,,,,,,,,R39,,12.5,136,,144,,156,,,,,,,,,39,1,34,42,-7,,,,,,122,64,65.5,66.5,,,15,246,57.5,-7,239,,,,
,64.5,,32.5,,57.5,,31,,,,,,R40,,16,208,,216,,,,,,,,,,,40,2,34,42,7,4,,,,,100,72.5,75,,,,39,246,31,4,250,,,,
,64.5,,32.5,,57.5,,31,,,,,,R41,,14.5,220,,240,,132,,154,,67,,,,,41,2,34,42,7,0,,,,,98,76,78.5,61,,,39,250,31,0,250,,,,
,64.5,,32.5,,79,,,,,,,,R42,,6,98,,64,,,,,,,,,,,42,1,34,28.5,0,,,,,,61,51,46,,,,15,260,79,0,260,,,,
,64.5,,32.5,,26,,,,,,,,R43,,10,132,,118,,,,,,,,,,,43,1,34,28.5,2,,,,,,110,62,58,,,,42,260,26,2,262,,,,
,64.5,,32.5,,,,,,,,,,R44,,5,146,,,,,,,,,,,,,44,0,34,32,,,,,,,24.5,64,,,,,1,215.5,32.5,32,247.5,,,,
,64.5,,32.5,,,,,,,,,,R45,,,,,,,,,,,,,,,,45,0,34,0,,,,,,,,,,,,,0,34,32.5,0,34,,,,
,64.5,,32.5,,36,,,,,,,,R46,,6,100,,138,,,,,,,,,,,46,1,34,75,32,,,,,,64,53.5,61,,,,15,109,36,32,141,,,,
,64.5,,32.5,,36,,,,,,,,R47,,9,180,,144,,,,,,,,,,,47,1,34,75,16.5,,,,,,90,64,142,,,,15,141,36,16.5,157.5,,,,
,64.5,,32.5,,,,,,,,,,R48,,9,148,,,,,,,,,,,,,48,0,34,18,,,,,,,78,65,,,,,1,109,32.5,18,127,,,,
,64.5,,32.5,,,,,,,,,,R49,,15,202,,184,,,,,,,,,,,49,0,34,14,,,,,,,59,74,69,,,,1,127,32.5,14,141,,,,
,64.5,,32.5,,,,,,,,,,R50,,9.5,158,,164,,234,,,,,,,,,50,0,34,7,,,,,,,93,61.5,62,61,,,1,141,32.5,7,148,,,,
,64.5,,32.5,,13,,,,,,,,R51,,7,126,,152,,,,,,,,,,,51,1,34,-27,12,,,,,,64,71,68,,,,15,121,13,12,133,,,,
,64.5,,32.5,,,,,,,,,,R52,,5.5,154,,,,,,,,,,,,,52,0,34,54,,,,,,,39,61,,,,,1,121,32.5,54,175,,,,
,64.5,,32.5,,45,,35,,,,,,R53,,6,154,,140,,,,,,,,,,,53,2,34,15,41,2.5,,,,,48,66,63,,,,53,177,35,2.5,179.5,,,,
,64.5,,32.5,,45,,35,,7,,,,R54,,10,186,,200,,174,,,,,,,,,54,3,34,15,41,0,7,,,,55,70,72,74,,,53,179.5,7,7,186.5,,,,
,64.5,,32.5,,45,,35,,,,,,R55,,8,252,,160,,84,,,,,,,,,55,2,34,15,41,0,,,,,84,78,62,48,,,53,179.5,35,0,179.5,,,,
,64.5,,32.5,,11,,,,,,,,R56,,7,192,,,,,,,,,,,,,56,1,34,38,5,,,,,,60,69,,,,,15,215,11,5,220,,,,
,64.5,,32.5,,15,,,,,,,,R57,,9.5,154,,148,,168,,,,,,,,,57,1,34,-3,4,,,,,,64,63,65.5,65,,,15,212,15,4,216,,,,
,64.5,,32.5,,48,,,,,,,,R58,,12.5,256,,23,,222,,180,,69,,,,,58,1,34,25,3,,,,,,105,78.5,75,77,,,15,209,48,3,212,,,,
,64.5,,32.5,,20,,,,,,,,R59,,5,186,,,,,,,,,,,,,59,1,34,0,11,,,,,,18,70,,,,,15,234,20,11,245,,,,
,64.5,,32.5,,20,,,,,,,,R60,,5,186,,,,,,,,,,,,,60,1,34,0,10,,,,,,20,69,,,,,15,245,20,10,255,,,,
,64.5,,32.5,,20,,,,,,,,R61,,5.5,184,,188,,,,,,,,,,,61,1,34,0,5.5,,,,,,37,69,69.5,,,,15,255,20,5.5,260.5,,,,
,64.5,,32.5,,20,,,,,,,,R62,,6,144,,,,,,,,,,,,,62,1,34,0,19,,,,,,28,72,,,,,15,260.5,20,19,279.5,,,,
,64.5,,32.5,,20,,,,,,,,R63,,9,216,,140,,,,,,,,,,,63,1,34,0,9,,,,,,34.5,63,63.5,,,,15,279.5,20,9,288.5,,,,
,64.5,,32.5,,20,,,,,,,,R64,,6,188,,178,,,,,,,,,,,64,1,34,0,60,,,,,,46,70,69,,,,15,288.5,20,60,348.5,,,,
,64.5,,32.5,,20,,21,,,,,,R65,,12,132,,184,,,,,,,,,,,65,2,34,0,52,2,,,,,45,60,70,,,,64,400.5,21,2,402.5,,,,
,64.5,,32.5,,20,,21,,,,,,R66,,7,,,,,,,,,,,,,,66,2,34,0,52,4,,,,,34,,,,,,64,402.5,21,4,406.5,,,,
,64.5,,32.5,,20,,21,,,,,,R67,,8,164,,164,,202,,148,,63,,,,,67,2,34,0,52,0,,,,,56,65,68,72,,,64,406.5,21,0,406.5,,,,
,64.5,,32.5,,16.5,,,,,,,,R68,,12,162,,162,,,,,,,,,,,68,1,34,39,5.5,,,,,,91.5,68,66.5,,,,15,248,16.5,5.5,253.5,,,,
,64.5,,32.5,,2.65,,22,,,,,,R69,,10.5,204,,178,,232,,,,,,,,,69,2,34,47,50,10,,,,,78,72,67.5,77,,,68,345,22,10,355,,,,
,64.5,,32.5,,2.65,,22,,,,,,R70,,7.5,188,,,,,,,,,,,,,70,2,34,47,50,14,,,,,39,68,,,,,68,355,22,14,369,,,,
,64.5,,32.5,,2.65,,22,,,,,,R71,,7.5,170,,174,,118,,,,,,,,,71,2,34,47,50,-18,,,,,47,76,66,60,,,68,369,22,-18,351,,,,
,64.5,,32.5,,8,,,,,,,,R72,,6,184,,108,,,,,,,,,,,72,1,34,-10,6.5,,,,,,65.5,56,52.5,,,,15,238,8,6.5,244.5,,,,
,64.5,,32.5,,63,,18,,,,,,R73,,9,156,,144,,,,,,,,,,,73,2,34,12,52,11,,,,,73,66,64,,,,72,302,18,11,313,,,,
,64.5,,32.5,,63,,18,,,,,,R74,,11,104,,138,,140,,138,,60,,,,,74,2,34,12,52,0,,,,,76,57,68,63,,,72,313,18,0,313,,,,
,64.5,,32.5,,63,,18,,,,,,R75,,8.5,142,,160,,,,,,,,,,,75,2,34,12,52,6.5,,,,,63,62,67,,,,72,313,18,6.5,319.5,,,,
,64.5,,32.5,,63,,18,,,,,,R76,,11.5,154,,166,,150,,156,,66,,,,,76,2,34,12,52,32,,,,,66,64,64.5,65,,,72,319.5,18,32,351.5,,,,
,64.5,,32.5,,63,,18,,,,,,R77,,24,178,,180,,,,154,,64.5,,,,,77,2,34,12,52,2,,,,,109,68,69,,,,72,351.5,18,2,353.5,,,,
,64.5,,32.5,,,,,,,,,,R78,,13,190,,154,,94,,,,,,,,,78,0,34,27,,,,,,,105,78.5,68.5,53,,,1,824,32.5,27,851,,,,
,64.5,,32.5,,34,,,,,,,,R79,,5.5,198,,,,,,,,,,,,,79,1,34,38,13,,,,,,21,74,,,,,15,889,34,13,902,,,,
,64.5,,32.5,,34,,,,,,,,R80,,9,186,,178,,110,,,,,,,,,80,1,34,38,6,,,,,,68,71,69,54,,,15,902,34,6,908,,,,
,64.5,,32.5,,34,,9.5,,,,,,R81,,7,140,,126,,108,,144,,55,,,,,81,2,34,38,6.5,5.5,,,,,47.5,64,64,65,,,80,914.5,9.5,5.5,920,,,,
,64.5,,32.5,,34,,9.5,,,,,,R82,,7,136,,,,,,,,,,,,,82,2,34,38,6.5,2,,,,,27,61.5,,,,,80,920,9.5,2,922,,,,
,64.5,,32.5,,34,,9.5,,14.5,,,,R83,,10,192,,194,,148,,,,,,,,,83,3,34,38,6.5,3,8,,,,78,71.5,73,66,,,82,925,14.5,8,933,,,,
,Diam,,Diam,,Diam,,Diam,,Diam,,,Long,N° ram,Diam,,Poids,,Poids,,Poids,,Poids,,Diam,Numero SS_ch,Niveau,Num_SC_mere,Point_insert,DIAM,long,Long,Long,Long,Long,Long,Diam,,,Diam,Diam,Diam,Diam,Poids,Poids,long + Point_insert,,,,,,,,
,59.5,,30,,17.5,,,,,,,74,R1,58.5,,114,,178,,80,,,,,1,1,1,114,17.5,13.5,31,83,13.5,,,8,,,69,50,,,,,127.5,,,,,,,,
,59.5,,30,,17.5,,,,,,,57,R2,66,,174,,,,,,,,,2,1,1,127.5,17.5,3,31,83,3,,,7.5,,,,,,,,,130.5,,,,,,,,
,59.5,,30,,17.5,,,,,,,45,R3,78,,106,,,,,,,,,3,1,1,130.5,17.5,21.5,31,83,21.5,,,7,,,,,,,,,152,,,,,,,,
,59.5,,30,,17.5,,,,,,,56,R4,56.5,,118,,76,,,,,,,4,1,1,152,17.5,7.5,31,83,7.5,,,6.5,,,50,,,,,,159.5,,,,,,,,
,59.5,,30,,17.5,,,,,,,1.5,R5,,,,,,,,,,,,5,1,1,159.5,17.5,8,31,83,8,,,5,,,,,,,,,167.5,,,,,,,,
,59.5,,30,,17.5,,,,,,,1,R6,,,,,,,,,,,,6,1,1,167.5,17.5,31,31,83,31,,,5,,,,,,,,,198.5,,,,,,,,
,59.5,,30,,17.5,,,,,,,40,R7,56,,96,,,,,,,,,7,1,1,172,17.5,4.5,31,83,4.5,,,6,,,,,,,,,176.5,,,,,,,,
,59.5,,30,,,,,,,,,88.5,R8,56.5,,112,,164,,112,,,,,8,0,1,114,30,13,31,13,,,,9,,,68.5,59,,,,,127,,,,,,,,
,59.5,,30,,,,,,,,,79,R9,58,,114,,150,,174,,,,,9,0,1,127,30,13,31,13,,,,10.5,,,64,68.5,,,,,140,,,,,,,,
,59.5,,30,,,,,,,,,6,R10,71,,178,,,,,,,,,10,0,1,140,30,55,31,55,,,,6,,,,,,,,,195,,,,,,,,
,59.5,,30,,,,,,,,,53,R11,52,,80,,116,,,,,,,11,0,1,195,30,0,31,0,,,,6.5,,,58,,,,,,195,,,,,,,,
,59.5,,30,,11,,,,,,,49,R12,64,,138,,82,,48,,,,,12,1,12,207,11,5,31,12,5,,,6,,,48,39,,,,,212,,,,,,,,
,59.5,,30,,13.5,,,,,,,49,R13,68,,170,,,,,,,,,13,1,12,212,13.5,4.5,31,56,4.5,,,8,,,,,,,,,216.5,,,,,,,,
,59.5,,30,,,,,,,,,48.5,R14,50,,80,,,,,,,,,14,0,1,263,30,-12,31,-12,,,,6.5,,,,,,,,,251,,,,,,,,
,59.5,,30,,,,,,,,,30.5,R15,56,,112,,120,,134,,,,,15,0,1,251,30,0,31,0,,,,8.5,,,59.5,60,,,,,251,,,,,,,,
,59.5,,30,,,,,,,,,44.5,R16,61.5,,124,,164,,198,,,,,16,0,1,251,30,34.5,31,34.5,,,,9,,,68,71,,,,,285.5,,,,,,,,
,59.5,,30,,21.5,,18,,,,,71.5,R17,61,,118,,188,,78,,162,,,17,2,17,287.5,18,5,31,0,2,5,,11,,,73,54,67,62.5,136,,292.5,,,,,,,,
,59.5,,30,,,,,,,,,89,R18,64,,142,,194,,170,,164,,,18,0,1,285.5,30,32,31,32,,,,10.5,,,70,65.5,60,59.5,120,,317.5,,,,,,,,
,59.5,,30,,34,,,,,,,72,R19,62,,132,,116,,216,,140,,,19,1,19,285.5,34,12,31,0,12,,,9,,,57,74,65,,,,297.5,,,,,,,,
,59.5,,30,,34,,16,,,,,80,R20,66,,172,,136,,,,,,,20,2,19,310.5,16,5,31,0,13,5,,12,,,61,,,,,,315.5,,,,,,,,
,59.5,,30,,34,,,,,,,49,R21,66,,152,,120,,,,,,,21,1,19,310.5,34,10,31,0,10,,,8.5,,,55.5,,,,,,320.5,,,,,,,,
,59.5,,30,,64,,,,,,,82.5,R22,73,,202,,208,,170,,,,,22,1,19,320.5,64,5,31,0,5,,,10.5,,,75,65,,,,,325.5,,,,,,,,
,59.5,,30,,64,,28.5,,,,,128,R23,74,,200,,198,,108,,,,,23,2,23,337.5,28.5,4,31,0,12,4,,18,,,73,72.5,,,,,341.5,,,,,,,,
,59.5,,30,,64,,28.5,,,,,56,R24,62,,140,,162,,,,,,,24,2,23,341.5,28.5,0,31,0,12,0,,8.5,,,63,,,,,,341.5,,,,,,,,
,59.5,,34,,48,,,,,,,19,R25,68,,162,,,,,,,,,25,1,25,97,48,35,31,66,35,,,11,,,,,,,,,132,,,,,,,,
,59.5,,34,,48,,,,,,,54,R26,,,,,,,,,,,,26,1,25,132,48,29,31,66,29,,,5,,,,,,,,,161,,,,,,,,
,59.5,,34,,48,,,,,,,22,R27,64,,170,,,,,,,,,27,1,25,161,48,15,31,66,15,,,6,,,,,,,,,176,,,,,,,,
,59.5,,34,,48,,,,,,,110,R28,69,,162,,134,,136,,126,,,28,1,25,176,48,25,31,66,25,,,10,,,60,61.5,58.5,,,,201,,,,,,,,
,59.5,,34,,48,,30,,13,,,82,R29,70,,172,,136,,,,,,,29,3,29,211.5,13,18.5,31,66,25,10.5,18.5,8.5,,,62.5,,,,,,230,,,,,,,,
,59.5,,34,,48,,11,,,,,82,R30,64.5,,154,,,,,,,,,30,2,30,211.5,11,7.5,31,66,0,7.5,,8.5,,,,,,,,,219,,,,,,,,
,59.5,,34,,,,,,,,,79.5,R31,55.5,,98,,124,,118,,,,,31,0,25,97,34,29,31,29,,,,7.5,,,61,60,,,,,126,,,,,,,,
,59.5,,34,,,,,,,,,100.5,R32,63,,138,,,,,,,,,32,0,25,126,34,22,31,22,,,,8.5,,,,,,,,,148,,,,,,,,
,59.5,,34,,31.5,,,,,,,26,R33,62,,128,,142,,,,,,,33,1,33,220,31.5,12,31,72,12,,,7,,,63,,,,,,232,,,,,,,,
,59.5,,34,,31.5,,,,,,,1.5,R34,66,,146,,,,,,,,,34,1,33,232,31.5,36,31,72,36,,,9,,,,,,,,,268,,,,,,,,
,59.5,,34,,31.5,,,,,,,2,R35,65,,146,,,,,,,,,35,1,33,268,31.5,16,31,72,16,,,17,,,,,,,,,284,,,,,,,,
,59.5,,34,,31.5,,,,,,,78,R36,66.5,,162,,66,,180,,164,,66,36,1,33,284,31.5,11,31,72,11,,,13.5,,,44.5,70,65,64,146,110,295,,,,,,,,
,59.5,,34,,31.5,,,,,,,45,R37,62,,174,,130,,168,,,,,37,1,33,295,31.5,6.5,31,72,6.5,,,19,,,62.5,67,,,,,301.5,,,,,,,,
,59.5,,34,,31.5,,,,,,,78,R38,62,,136,,142,,,,,,,38,1,33,301.5,31.5,-46.5,31,72,-46.5,,,11,,,64,,,,,,255,,,,,,,,
,59.5,,34,,65,,,,,,,117,R39,72,,142,,,,,,,,,39,1,33,220,65,6,31,0,6,,,10.5,,,,,,,,,226,,,,,,,,
,59.5,,34,,65,,,,,,,90,R40,72,,206,,130,,120,,,,,40,1,33,226,65,94.5,31,0,94.5,,,16,,,65,62,,,,,320.5,,,,,,,,
,59.5,,34,,65,,,,,,,56.5,R41,60,,126,,,,,,,,,41,1,33,320.5,65,9.5,31,0,9.5,,,8,,,,,,,,,330,,,,,,,,
,59.5,,34,,25,,,,,,,66,R42,61,,178,,166,,,,,,,42,1,33,282,25,15,31,62,15,,,8.5,,,68,,,,,,297,,,,,,,,
,59.5,,34,,45,,,,,,,52.5,R43,,,,,,,,,,,,43,1,33,297,45,1,31,62,1,,,7.5,,,,,,,,,298,,,,,,,,
,59.5,,34,,,,,,,,,46,R44,72,,204,,202,,,,,,,44,0,25,354,34,3,31,3,,,,5,,,69,,,,,,357,,,,,,,,
,59.5,,34,,,,,,,,,82,R45,66.5,,170,,144,,96,,150,,58.5,45,0,25,357,34,0,31,0,,,,7,,,64,55,64,60,128,114,357,,,,,,,,
,59.5,,34,,10,,,,,,,66,R46,65,,170,,155,,164,,,,,46,1,46,360,10,6,31,3,6,,,8.5,,,67,68.5,,,,,366,,,,,,,,
,59.5,,34,,29,,17.5,,,,,62,R47,62,,178,,130,,146,,98,,,47,2,47,307,17.5,12.5,31,-53,3.5,12.5,,7,,,61.5,65,55,,,,319.5,,,,,,,,
,59.5,,34,,29,,17.5,,,,,46,R48,67,,154,,88,,164,,86,,,48,2,47,319.5,17.5,-1.5,31,-53,3.5,-1.5,,6,,,49,65,52,50,86,,318,,,,,,,,
,59.5,,33,,53,,,,,,,42.5,R49,69,,188,,120,,128,,,,,49,1,49,359,53,68,31,52,68,,,6.5,,,53,58.5,,,,,427,,,,,,,,
,59.5,,33,,53,,,,,,,43,R50,57,,106,,92,,,,,,,50,1,49,427,53,11,31,52,11,,,7,,,56,,,,,,438,,,,,,,,
,59.5,,33,,53,,,,,,,84.5,R51,,,,,,,,,,,,51,1,49,438,53,33,31,52,33,,,8,,,,,,,,,471,,,,,,,,
,59.5,,33,,53,,,,,,,49,R52,70.5,,184,,170,,,,,,,52,1,49,471,53,30,31,52,30,,,7,,,66.5,,,,,,501,,,,,,,,
,59.5,,33,,53,,,,,,,77,R53,69,,172,,148,,180,,154,,,53,1,49,501,53,44,31,52,44,,,10,,,64,70.5,65,,,,545,,,,,,,,
,59.5,,33,,53,,,,,,,101,R54,75,,232,,142,,222,,160,,,54,1,49,545,53,8.5,31,52,8.5,,,10,,,64,73,63,63.5,138,,553.5,,,,,,,,
,59.5,,33,,53,,,,,,,50,R55,70,,182,,204,,,,,,,55,1,49,553.5,53,0,31,52,0,,,7,,,72,,,,,,553.5,,,,,,,,
,59.5,,33,,53,,17.5,,,,,44,R56,64,,134,,156,,,,,,,56,2,56,553.5,17.5,11,31,52,0,11,,8,,,66,,,,,,564.5,,,,,,,,
,59.5,,33,,47,,,,,,,4.5,R57,72,,194,,,,,,,,,57,1,57,439,47,53,31,80,53,,,7,,,,,,,,,492,,,,,,,,
,59.5,,33,,47,,13,,,,,49,R58,71,,196,,122,,,,,,,58,2,58,520,13,1,31,80,28,1,,6,,,62,,,,,,521,,,,,,,,
,59.5,,33,,47,,,,,,,63,R59,62.5,,130,,106,,,,,,,59,1,57,520,47,-2,31,80,-2,,,7,,,57,,,,,,518,,,,,,,,
,59.5,,33,,13,,,,,,,76,R60,74,,204,,,,,,,,,60,1,57,442,13,5,31,3,5,,,7,,,,,,,,,447,,,,,,,,
,59.5,,33,,13,,,,,,,83,R61,69,,168,,218,,120,,,,,61,1,57,447,13,34,31,3,34,,,8,,,71.5,58.5,,,,,481,,,,,,,,
,59.5,,33,,13,,,,,,,22.5,R62,62,,128,,,,,,,,,62,1,57,481,13,2,31,3,2,,,4.5,,,,,,,,,483,,,,,,,,
,59.5,,33,,,,,,,,,27.5,R63,62,,142,,120,,,,,,,63,0,49,442,33,64,31,64,,,,5,,,57.5,,,,,,506,,,,,,,,
,59.5,,33,,,,,,,,,104,R64,78,,250,,132,,160,,148,,,64,0,49,506,33,0,31,0,,,,10.5,,,62,66,65,,,,506,,,,,,,,
,59.5,,33,,18,,,,,,,24,R65,56,,112,,176,,,,,,,65,1,65,522.5,18,14,31,16.5,14,,,6,,,68,,,,,,536.5,,,,,,,,
,59.5,,33,,18,,,,,,,62,R66,69,,176,,184,,172,,,,,66,1,65,14,18,24,31,16.5,24,,,9,,,68,67,,,,,38,,,,,,,,
,59.5,,33,,,,,,,,,37,R67,65.5,,162,,138,,,,,,,67,0,49,506,33,0,31,0,,,,6,,,63,,,,,,506,,,,,,,,
,59.5,,33,,,,,,,,,32,R68,59,,114,,98,,,,,,,68,0,49,506,33,20,31,20,,,,5.5,,,53,,,,,,526,,,,,,,,
,59.5,,33,,12,,,,,,,70,R69,66,,156,,140,,176,,138,,,69,1,69,535,12,4.5,31,9,4.5,,,8,,,61.5,68,62.5,,,,539.5,,,,,,,,
,59.5,,33,,,,,,,,,50,R70,60,,126,,128,,134,,124,,,70,0,49,535,33,40,31,40,,,,9,,,60,60.5,61.5,71,176,,575,,,,,,,,
,59.5,,33,,,,,,,,,79,R71,68,,174,,120,,166,,,,,71,0,49,575,33,1.5,31,1.5,,,,11.5,,,67,64,,,,,576.5,,,,,,,,
,59.5,,33,,19,,,,,,,29,R72,60.5,,162,,138,,,,,,,72,1,72,585,19,8.5,31,10,8.5,,,7,,,62,,,,,,593.5,,,,,,,,
,59.5,,33,,,,,,,,,78,R73,61,,142,,92,,102,,,,,73,0,49,595,33,-52,31,-52,,,,6.5,,,52,55.5,,,,,543,,,,,,,,
,59.5,,33,,40,,,,,,,65,R74,66,,148,,160,,172,,,,,74,1,74,583,40,9,31,40,9,,,8,,,64,67,,,,,592,,,,,,,,
,59.5,,36,,,,,,,,,1,R75,62.5,,130,,,,,,,,,75,0,49,31,36,85,31,85,,,,6,,,,,,,,,116,,,,,,,,
,59.5,,36,,52,,,,,,,40,R76,65,,140,,98,,,,,,,76,1,76,174,52,6,31,58,6,,,7.5,,,56,,,,,,180,,,,,,,,
,59.5,,36,,52,,,,,,,99,R77,65,,156,,204,,134,,,,,77,1,76,180,52,9.5,31,58,9.5,,,12,,,73,60,,,,,189.5,,,,,,,,
,59.5,,36,,52,,,,,,,40,R78,53,,94,,124,,,,,,,78,1,76,189.5,52,29,31,58,29,,,7,,,63,,,,,,218.5,,,,,,,,
,59.5,,36,,52,,,,,,,40,R79,55,,94,,12,,140,,,,,79,1,76,218.5,52,52,31,58,52,,,7,,,60,61,,,,,270.5,,,,,,,,
,59.5,,36,,52,,,,,,,77,R80,68,,170,,108,,172,,168,,,80,1,76,270.5,52,7,31,58,7,,,10,,,55,70,67,,,,277.5,,,,,,,,
,59.5,,36,,11,,,,,,,51.5,R81,70,,172,,184,,,,,,,81,1,76,277.5,11,3,31,58,3,,,5.5,,,69.5,,,,,,280.5,,,,,,,,
,59.5,,36,,11,,,,,,,70.5,R82,59,,132,,166,,126,,156,,,82,1,76,280.5,11,40.5,31,58,40.5,,,12,,,69,60,61.5,,,,321,,,,,,,,
,59.5,,36,,11,,,,,,,78,R83,63,,134,,148,,,,,,,83,1,76,321,11,0,31,58,0,,,8.5,,,63,,,,,,321,,,,,,,,
,59.5,,36,,11,,,,,,,,R84,63,,150,,222,,,,,,,84,1,76,321,11,0,31,58,,,,,,,77,,,,,,321,,,,,,,,
,59.5,,36,,11,,,,,,,139,R85,62,,138,,190,,162,,,,,85,1,76,321,11,8,31,58,8,,,16.5,,,71,68.5,,,,,329,,,,,,,,
,59.5,,36,,40,,,,,,,8,R86,58,,140,,,,,,,,,86,1,76,174,40,16,31,0,16,,,4.5,,,,,,,,,190,,,,,,,,
,59.5,,36,,40,,,,,,,1,R87,58.5,,132,,,,,,,,,87,1,76,190,40,43,31,0,43,,,7,,,,,,,,,233,,,,,,,,
,59.5,,36,,40,,8,,,,,29,R88,64.5,,162,,,,,,,,,88,2,88,229.5,8,4,31,0,-3.5,4,,5,,,,,,,,,233.5,,,,,,,,
,59.5,,36,,40,,,,,,,8.5,R89,,,,,,,,,,,,89,1,89,229.5,40,26,31,0,26,,,10,,,,,,,,,255.5,,,,,,,,
,59.5,,36,,40,,10,,,,,52,R90,60,,130,,,,,,,,,90,2,89,255.5,10,8,31,0,26,8,,6.5,,,,,,,,,263.5,,,,,,,,
,59.5,,36,,40,,,,,,,48,R91,64,,132,,,,,,,,,91,1,76,255.5,40,32,31,0,32,,,22,,,,,,,,,287.5,,,,,,,,
,59.5,,36,,40,,22,,,,,49,R92,,,,,,,,,,,,92,2,91,287.5,22,16,31,0,32,16,,8,,,,,,,,,303.5,,,,,,,,
,59.5,,36,,40,,22,,,,,49,R93,,,,,,,,,,,,93,2,91,303.5,22,26,31,0,32,26,,8,,,,,,,,,329.5,,,,,,,,
,59.5,,36,,40,,22,,,,,49,R94,69,,180,,,,,,,,,94,2,91,329.5,22,7,31,0,32,7,,10,,,,,,,,,336.5,,,,,,,,
,59.5,,36,,,,,,,,,31,R95,69.5,,172,,90,,,,,,,95,0,49,174,36,53,31,53,,,,6,,,52.5,,,,,,227,,,,,,,,
,59.5,,36,,5,,,,,,,26,R96,60,,128,,134,,136,,146,,,96,1,96,265,5,2,31,38,2,,,5.5,,,61.5,63.5,65,,,,267,,,,,,,,
,59.5,,36,,,,,,,,,58,R97,,,,,,,,,,,,97,0,49,265,36,10,31,10,,,,9,,,,,,,,,275,,,,,,,,
,59.5,,36,,,,,,,,,152,R98,60,,130,,66,,,,,,,98,0,49,275,36,15.5,31,15.5,,,,15,,,49,,,,,,290.5,,,,,,,,
,59.5,,36,,38,,,,,,,20,R99,71,,204,,,,,,,,,99,1,99,290.5,38,73,31,15.5,73,,,8,,,,,,,,,363.5,,,,,,,,
,59.5,,36,,38,,9,,,,,27,R100,63.5,,132,,,,,,,,,100,2,100,383.5,9,3,31,15.5,20,3,,8,,,,,,,,,386.5,,,,,,,,
,59.5,,36,,38,,,,,,,6,R101,72,,134,,,,,,,,,101,1,101,383.5,38,16.5,31,15.5,16.5,,,6,,,,,,,,,400,,,,,,,,
,59.5,,36,,38,,,,,,,15.5,R102,71.5,,132,,,,,,,,,102,1,101,400,38,3.5,31,15.5,3.5,,,8,,,,,,,,,403.5,,,,,,,,
,59.5,,36,,38,,,,,,,,R103,67,,164,,202,,160,,210,,,103,1,101,403.5,38,0,31,15.5,,,,,,,70.5,67.5,71,69,170,,403.5,,,,,,,,
,59.5,,36,,38,,,,,,,70,R104,65,,150,,136,,134,,,,,104,1,101,403.5,38,7,31,15.5,7,,,9,,,64,60.5,,,,,410.5,,,,,,,,
,59.5,,36,,12,,,,,,,48,R105,68,,162,,124,,,,,,,105,1,101,321.5,12,1,31,31,1,,,5.5,,,56.5,,,,,,322.5,,,,,,,,
,59.5,,36,,9,,,,,,,48,R106,61,,132,,128,,,,,,,106,1,101,321.5,9,6.5,31,0,6.5,,,6,,,59,,,,,,328,,,,,,,,
,59.5,,36,,,,,,,,,100,R107,70,,162,,162,,134,,146,,,107,0,49,321.5,36,22,31,22,,,,11,,,67,63.5,65,,,,343.5,,,,,,,,
,59.5,,36,,,,,,,,,56,R108,57,,118,,124,,166,,140,,66,108,0,49,343.5,36,19,31,19,,,,10,,,59,66.5,60.5,69,158,170,362.5,,,,,,,,
,59.5,,36,,39,,,,,,,45,R109,61.5,,120,,112,,,,,,,109,1,109,343.5,39,1.5,31,0,1.5,,,7,,,58,,,,,,345,,,,,,,,
,59.5,,36,,,,,,,,,58,R110,62.5,,140,,92,,168,,,,,110,0,49,343.5,36,-16,31,-16,,,,18,,,52.5,69,,,,,327.5,,,,,,,,
,59.5,,36,,18,,,,,,,30,R111,74,,226,,,,,,,,,111,1,111,327.5,18,58,31,-16,58,,,8,,,,,,,,,385.5,,,,,,,,
,59.5,,36,,18,,,,,,,54,R112,70,,196,,196,,202,,176,,,112,1,111,385.5,18,-3.5,31,-16,-3.5,,,11,,,72,74,70,,,,382,,,,,,,,
,59.5,,36,,18,,22,,,,,71,R113,66,,198,,166,,226,,202,,,113,1,113,382,22,28,31,-16,-3.5,28,,13,,,68,63.5,71,71.5,164,,410,,,,,,,,
,59.5,,36,,39,,29,,,,,125,R114,57.5,,142,,112,,190,,182,,,114,1,113,363.5,29,10,31,13,23,10,,22,,,64,70,72,75.5,242,,373.5,,,,,,,,
,59.5,,36,,,,,,,,,,R115,62,,148,,,,,,,,,115,0,49,106,36,0,31,,,,,,,,,,,,,,106,,,,,,,,
,Diam,,Diam,,Diam,,Diam,,Diam,,Diam,,N° ram,Long,,Poids,,Poids,,Poids,,Poids,,Diam,,Diam,,Diam,Numero SS_ch,Niveau,Long,Long,Long,Long,Long,Long,,Diam,Diam,Diam,Diam,Diam,Poids,Poids,Num_SC_mere,Point_insert,DIAM,long,long + Point_insert,Poids,,,
,69,,34,,,,,,,,,,R1,11,,160,,,,,,,,,,,,,1,0,34,48,,,,,,5,68.5,,,,,,1,34,34,48,82,,,,
,69,,34,,55,,,,,,,,R2,91,,150,,104,,,,,,,,,,,2,1,34,9,22,,,,,8,64,56,,,,,2,91,55,22,113,,,,
,69,,34,,55,,,,,,,,R3,28,,,,,,,,,,,,,,,3,1,34,9,25,,,,,6,,,,,,,2,113,55,25,138,,,,
,69,,34,,55,,,,,,,,R4,59.5,,120,,,,,,,,,,,,,4,1,34,9,9.5,,,,,8,58,,,,,,2,138,55,9.5,147.5,,,,
,69,,34,,55,,,,,,,,R5,22,,160,,154,,106,,,,,,,,,5,1,34,9,6.5,,,,,10,68,63.5,56.5,,,,2,147.5,55,6.5,154,,,,
,69,,34,,55,,,,,,,,R6,63,,124,,166,,,,,,,,,,,6,1,34,9,12,,,,,7.5,60,66,,,,,2,154,55,12,166,,,,
,69,,34,,55,,,,,,,,R7,75,,92,,58,,,,,,,,,,,7,1,34,9,8,,,,,13,50.5,47.5,,,,,2,166,55,8,174,,,,
,69,,34,,55,,34,,,,,,R8,105,,,,,,,,,,,,,,,8,2,34,9,8,10,,,,13,,,,,,,7,174,34,10,184,,,,
,69,,34,,,,,,,,,,R9,,,,,,,,,,,,,,,,9,0,34,,,,,,,,,,,,,,1,34,34,0,34,,,,
,69,,34,,6.5,,,,,,,,R10,25,,120,,86,,,,,,,,,,,10,1,34,67,4.5,,,,,5,60,55,,,,,10,158,6.5,4.5,162.5,,,,
,69,,34,,,,,,,,,,R11,26,,108,,110,,,,,,,,,,,11,0,34,44,,,,,,6,56.5,60,,,,,1,158,34,44,202,,,,
,69,,34,,57,,32,,,,,,R12,32,,124,,,,,,,,,,,,,12,2,34,44,3,11,,,,4.5,58,,,,,,12,161,32,11,172,,,,
,69,,34,,57,,32,,,,,,R13,89.5,,126,,118,,98,,118,,,,,,,13,2,34,44,3,4,,,,9,59,58,56,56.5,,,12,172,32,4,176,,,,
,69,,34,,57,,32,,,,,,R14,85,,90,,144,,116,,90,,54,,,,,14,2,34,44,3,13,,,,8.5,52,61,59,53,98,,12,176,32,13,189,,,,
,69,,34,,,,,,,,,,R15,,,,,,,,,,,,,,,,15,0,34,44,,,,,,,,,,,,,1,158,0,0,158,,,,
,69,,34,,57,,30,,,,,,R16,61,,210,,188,,,,,,,,,,,16,2,34,44,72,39,,,,10,66,59,,,,,12,233,30,39,272,,,,
,69,,34,,,,,,,,,,R17,110,,142,,156,,132,,,,,,,,,17,0,34,39,,,,,,9,60,70.5,69,,,,1,202,34,39,241,,,,
,69,,34,,,,,,,,,,R18,72,,146,,,,,,,,,,,,,18,0,34,11,,,,,,9,65,,,,,,1,241,34,11,252,,,,
,69,,34,,,,,,,,,,R19,61,,156,,174,,,,,,,,,,,19,0,34,15,,,,,,9,66.5,66,,,,,1,252,34,15,267,,,,
,69,,34,,55,,,,,,,,R20,17,,128,,146,,,,,,,,,,,20,1,34,16,37,,,,,12,62,69,,,,,20,283,55,37,320,,,,
,69,,34,,55,,,,,,,,R21,40,,132,,112,,158,,162,,,,,,,21,1,34,16,2,,,,,7,61,57,69,65.5,,,20,320,55,2,322,,,,
,69,,34,,55,,,,,,,,R22,93,,204,,130,,200,,136,,,,,,,22,1,34,16,17,,,,,12,70.5,62,71.5,56.5,,,20,322,55,17,339,,,,
,69,,34,,,,,,,,,,R23,52,,182,,76,,,,,,,,,,,23,0,34,13,,,,,,5.5,67,49,,,,,1,283,34,13,296,,,,
,69,,37,,38,,,,,,,,R24,27,,126,,,,,,,,,,,,,24,1,34,85,10,,,,,5,62,,,,,,24,119,38,10,129,,,,
,69,,37,,38,,,,,,,,R25,45.5,,,,,,,,,,,,,,,25,1,34,85,18,,,,,6,,,,,,,24,129,38,18,147,,,,
,69,,37,,38,,,,,,,,R26,77,,120,,110,,76,,,,,,,,,26,1,34,85,8,,,,,12.5,58,58,48,,,,24,147,38,8,155,,,,
,69,,37,,38,,,,,,,,R27,59,,82,,,,,,,,,,,,,27,1,34,85,5,,,,,5,48,,,,,,24,155,38,5,160,,,,
,69,,37,,38,,,,,,,,R28,113.5,,132,,102,,156,,144,,,,,,,28,1,34,85,31,,,,,10.5,61.5,55,65,61,,,24,160,38,31,191,,,,
,69,,37,,38,,,,,,,,R29,56,,130,,,,,,,,,,,,,29,1,34,85,31,,,,,8,60.5,,,,,,24,191,38,31,222,,,,
,69,,37,,38,,18,,,,,,R30,27,,114,,104,,,,,,,,,,,30,2,34,85,21,4,,,,5,58.5,52.5,,,,,29,243,18,4,247,,,,
,69,,37,,,,,,,,,,R31,67,,132,,122,,,,,,,,,,,31,0,34,27,,,,,,11.5,63.5,59.5,,,,,1,119,37,27,146,,,,
,69,,37,,55,,,,,,,,R32,45.5,,152,,,,,,,,,,,,,32,1,34,68,36.5,,,,,7,68,,,,,,32,187,55,36.5,223.5,,,,
,69,,37,,15.5,,,,,,,,R33,59,,106,,,,,,,,,,,,,33,1,34,68,,,,,,7,55.5,,,,,,32,223.5,15.5,0,223.5,,,,
,69,,37,,15.5,,,,,,,,R34,90,,190,,134,,,,,,,,,,,34,1,34,68,33,,,,,9,72,63.5,,,,,32,223.5,15.5,33,256.5,,,,
,69,,37,,15.5,,12,,,,,,R35,40,,188,,116,,,,,,,,,,,35,2,34,68,24,11.5,,,,6,69,60.5,,,,,35,280.5,12,11.5,292,,,,
,69,,37,,15.5,,,,,,,,R36,63,,130,,124,,186,,80,,,,,,,36,1,34,68,22,,,,,7,66,60,68,49,,,32,280.5,15.5,22,302.5,,,,
,69,,37,,15.5,,,,,,,,R37,1.5,,86,,,,,,,,,,,,,37,1,34,68,-9,,,,,8,48,,,,,,32,302.5,15.5,-9,293.5,,,,
,69,,37,,15.5,,29,,,,,,R38,41,,152,,166,,,,,,,,,,,38,2,34,68,13,7,,,,11,49,66,,,,,38,306.5,29,7,313.5,,,,
,69,,37,,15.5,,,,,,,,R39,,,154,,,,,,,,,,,,,39,1,34,68,,,,,,,67,,,,,,32,306.5,15.5,0,306.5,,,,
,69,,37,,15.5,,,,,,,,R40,101,,106,,112,,176,,118,,49,,,,,40,1,34,68,-13,,,,,11,56.5,54,68,58,88,,32,306.5,15.5,-13,293.5,,,,
,69,,37,,,,,,,,,,R41,25,,96,,,,,,,,,,,,,41,0,34,5,,,,,,5,52,,,,,,1,187,37,5,192,,,,
,69,,37,,40,,,,,,,,R42,3,,74,,82,,,,,,,,,,,42,1,34,36,19,,,,,6,50,47,,,,,32,228,40,19,247,,,,
,69,,37,,40,,6,,,,,,R43,31,,104,,76,,,,,,,,,,,43,2,34,36,19,2.5,,,,6,46,61,,,,,43,247,6,2.5,249.5,,,,
,69,,37,,40,,38,,,,,,R44,45.5,,146,,98,,118,,,,,,,,,44,2,34,36,48,9,,,,8,65,57,55,,,,43,249.5,38,9,258.5,,,,
,69,,37,,40,,38,,28,,,,R45,4,,166,,,,,,,,,,,,,45,3,34,36,48,14,4,,,6.5,64,,,,,,44,272.5,28,4,276.5,,,,
,69,,37,,40,,38,,28,,14,,R46,57,,164,,132,,124,,112,,,,,,,46,4,34,36,48,14,6,4,,8,62,60,61.5,56,,,45,282.5,14,4,286.5,,,,
,69,,37,,40,,38,,28,,20,,R47,76,,182,,152,,182,,146,,76,,,,,47,4,34,36,48,14,6,4.5,,12,64,66,70,64,200,,45,286.5,20,4.5,291,,,,
,69,,37,,,,,,,,,,R48,32,,130,,,,,,,,,,,,,48,0,34,40,,,,,,5,69,,,,,,1,228,37,40,268,,,,
,69,,37,,15,,,,,,,,R49,53,,106,,,,,,,,,,,,,49,1,34,8.5,7,,,,,7,56,,,,,,32,276.5,15,7,283.5,,,,
,69,,37,,,,,,,,,,R50,34.5,,154,,,,,,,,,,,,,50,0,34,61,,,,,,8.5,62,,,,,,1,276.5,37,61,337.5,,,,
,69,,37,,,,,,,,,,R51,,,106,,,,,,,,,,,,,51,0,34,,,,,,,,53,,,,,,1,337.5,37,0,337.5,,,,
,69,,37,,,,,,,,,,R52,68.5,,104,,106,,,,,,,,,,,52,0,34,20,,,,,,7,64,58,,,,,1,337.5,37,20,357.5,,,,
,69,,37,,53,,,,,,,,R53,62,,140,,134,,142,,124,,,,,,,53,1,34,20,12,,,,,7.5,67,60,63,52,,,32,357.5,53,12,369.5,,,,
,69,,37,,21.5,,,,,,,,R54,66,,,,,,,,,,,,,,,54,1,34,-82,20,,,,,7.5,,,,,,,32,275.5,21.5,20,295.5,,,,
,69,,37,,53.5,,44,,,,,,R55,64,,108,,154,,136,,110,,,,,,,55,2,34,65,13,7,,,,8,64,62,59,58,,,55,353.5,44,7,360.5,,,,
,69,,37,,,,,,,,,,R56,96,,160,,66,,,,,,,,,,,56,0,34,23,,,,,,9,66,47.5,,,,,1,340.5,37,23,363.5,,,,
,69,,28.5,,,,,,,,,,R57,89,,194,,106,,136,,,,,,,,,57,0,34,30,,,,,,10,70.5,56,61,,,,1,34,28.5,30,64,,,,
,69,,28.5,,14.5,,,,,,,,R58,81,,186,,104,,,,,,,,,,,58,1,34,35,4.5,,,,,7.5,70,51,,,,,58,99,14.5,4.5,103.5,,,,
,69,,28.5,,,,,,,,,,R59,77,,168,,108,,92,,,,,,,,,59,0,34,0,,,,,,7,65,57,49,,,,1,99,28.5,0,99,,,,
,69,,28.5,,48.5,,,,,,,,R60,40,,138,,61,,,,,,,,,,,60,1,34,28,66.5,,,,,6,61.5,38,,,,,58,127,48.5,66.5,193.5,,,,
,69,,28.5,,48.5,,17.5,,,,,,R61,62,,160,,108,,100,,,,,,,,,61,2,34,28,18.5,4,,,,5,55,44,56,,,,61,193.5,17.5,4,197.5,,,,
,69,,28.5,,48.5,,,,,,,,R62,80,,146,,182,,,,,,,,,,,62,1,34,28,15,,,,,9.5,60,65,,,,,57,212,48.5,15,227,,,,
,69,,28.5,,48.5,,,,,,,,R63,74,,188,,196,,,,,,,,,,,63,1,34,28,32,,,,,15,57,69,,,,,57,227,48.5,32,259,,,,
,69,,28.5,,48.5,,,,,,,,R64,53.5,,220,,172,,,,,,,,,,,64,1,34,28,14,,,,,9,71.5,69.5,,,,,57,259,48.5,14,273,,,,
,69,,28.5,,48.5,,,,,,,,R65,14.5,,164,,55,,,,,,,,,,,65,1,34,28,11,,,,,6.5,61.5,39,,,,,57,273,48.5,11,284,,,,
,69,,28.5,,48.5,,,,,,,,R66,91,,154,,140,,194,,,,,,,,,66,1,34,28,-7,,,,,9,62,63.5,68,,,,57,284,48.5,-7,277,,,,
,69,,28.5,,48.5,,,,,,,,R67,7,,,,,,,,,,,,,,,67,1,34,28,46,,,,,12,,,,,,,57,277,48.5,46,323,,,,
,69,,28.5,,48.5,,12,,,,,,R68,55,,142,,160,,,,,,,,,,,68,2,34,28,46,7,,,,9,63,67,,,,,68,323,12,7,330,,,,
,69,,28.5,,48.5,,,,,,,,R69,103,,92,,,,,,,,,,,,,69,1,34,28,9,,,,,22,43,,,,,,57,323,48.5,9,332,,,,
,69,,28.5,,48.5,,,,,,,,R70,65,,160,,124,,86,,,,,,,,,70,1,34,28,-55,,,,,15,65,53,40,,,,57,332,48.5,-55,277,,,,
,69,,28.5,,48.5,,,,,,,,R71,129,,192,,184,,192,,116,,,,,,,71,1,34,28,-14,,,,,15,67,67,55,67,,,57,277,48.5,-14,263,,,,
,69,,28.5,,,,,,,,,,R72,,,158,,176,,,,,,,,,,,72,0,34,40,,,,,,,63,66.5,,,,,1,127,28.5,40,167,,,,
,69,,28.5,,,,,,,,,,R73,54,,174,,,,,,,,,,,,,73,0,34,40,,,,,,7.5,62,,,,,,1,167,28.5,40,207,,,,
,69,,28.5,,20,,,,,,,,R74,54,,158,,38,,,,,,,,,,,74,1,34,33,2.5,,,,,5.5,67,41.5,,,,,57,240,20,2.5,242.5,,,,
,69,,28.5,,20,,,,,,,,R75,132,,166,,92,,120,,142,,54,,46,,,75,1,34,33,3,,,,,10,64,52,51,56,116,74,57,242.5,20,3,245.5,,,,
,69,,28.5,,,,,,,,,,R76,120,,164,,,,,,,,,,,,,76,0,34,17,,,,,,13.5,63,,,,,,1,240,28.5,17,257,,,,
,69,,28.5,,,,,,,,,,R77,14,,164,,,,,,,,,,,,,77,0,34,17,,,,,,5,63,,,,,,1,257,28.5,17,274,,,,
,69,,28.5,,,,,,,,,,R78,70,,142,,180,,152,,,,,,,,,78,0,34,0,,,,,,8,69,69,55,,,,1,274,28.5,0,274,,,,
,69,,28.5,,,,,,,,,,R79,70,,156,,68,,,,,,,,,,,79,0,34,20,,,,,,6,56,64.5,,,,,1,274,28.5,20,294,,,,
,69,,28.5,,,,,,,,,,R80,6,,116,,,,,,,,,,,,,80,0,34,23,,,,,,4,59,,,,,,1,294,28.5,23,317,,,,
,69,,28.5,,,,,,,,,,R81,73,,148,,180,,,,,,,,,,,81,0,34,18,,,,,,11.5,65,70,,,,,1,317,28.5,18,335,,,,
,69,,28.5,,15,,,,,,,,R82,96,,142,,210,,120,,,,,,,,,82,1,34,9,3.5,,,,,7,62,63,67,,,,57,326,15,3.5,329.5,,,,
,69,,28.5,,15,,,,,,,,R83,46,,136,,154,,,,,,,,,,,83,1,34,9,17,,,,,7.5,67,64.5,,,,,57,329.5,15,17,346.5,,,,
,69,,28.5,,30,,,,,,,,R84,106,,184,,212,,210,,156,,63.5,,69,,62,84,1,34,9,4,,,,,13.5,59,72.5,72.5,66,150,192,57,326,30,4,330,138,,,
,69,,28.5,,30,,,,,,,,R85,90,,186,,162,,218,,184,,,,,,,85,1,34,9,20,,,,,17,70,66.5,67.5,62.5,,,57,346,30,20,366,,,,
,69,,28.5,,25,,,,,,,,R86,128,,232,,202,,,,,,,,,,,86,1,34,9,8,,,,,15,69,70,,,,,57,326,25,8,334,,,,
,69,,32,,,,,,,,,,R87,13,,146,,234,,202,,186,,71,,,,,87,0,34,85,,,,,,4.5,64,72.5,70.5,70,232,,1,34,32,85,119,,,,
,69,,32,,15,,,,,,,,R88,63,,58,,,,,,,,,,,,,88,1,34,13,5.5,,,,,11,36,,,,,,87,132,15,5.5,137.5,,,,
,69,,32,,,,,,,,,,R89,60,,77,,,,,,,,,,,,,89,0,34,17,,,,,,15,39,,,,,,1,132,32,17,149,,,,
,69,,32,,,,,,,,,,R90,4,,160,,,,,,,,,,,,,90,0,34,3.5,,,,,,5,64,,,,,,1,149,32,3.5,152.5,,,,
,69,,32,,18,,,,,,,,R91,67,,146,,118,,152,,126,,,,,,,91,1,34,25,2.5,,,,,7,63,69,69,55,,,87,177.5,18,2.5,180,,,,
,69,,32,,18,,,,,,,,R92,40,,110,,120,,,,,,,,,,,92,1,34,25,17,,,,,7.5,58,54,,,,,87,180,18,17,197,,,,
,69,,32,,18,,,,,,,,R93,29,,180,,100,,,,,,,,,,,93,1,34,25,41,,,,,5,67,49,,,,,87,197,18,41,238,,,,
,69,,32,,,,,,,,,,R94,43.5,,160,,,,,,,,,,,,,94,0,34,14,,,,,,5.5,67,,,,,,1,177.5,32,14,191.5,,,,
,69,,32,,,,,,,,,,R95,88.5,,114,,102,,86,,,,,,,,,95,0,34,6,,,,,,10,55,54,48,,,,1,191.5,32,6,197.5,,,,
,69,,32,,47,,,,,,,,R96,96,,226,,136,,,,,,,,,,,96,1,34,27,5,,,,,9,69,72,,,,,87,218.5,47,5,223.5,,,,
,69,,32,,,,,,,,,,R97,49,,152,,142,,136,,,,,,,,,97,0,34,23,,,,,,9,73,65,52,,,,1,218.5,32,23,241.5,,,,
,69,,32,,20,,,,,,,,R98,28,,152,,128,,,,,,,,,,,98,1,34,35,20,,,,,8,68,56,,,,,87,276.5,20,20,296.5,,,,
,69,,32,,20,,,,,,,,R99,37,,162,,134,,,,,,,,,,,99,1,34,35,2.5,,,,,7,72,62,,,,,87,296.5,20,2.5,299,,,,
,69,,32,,30,,,,,,,,R100,93,,172,,162,,140,,218,,60,,60,,,100,1,34,6,10.5,,,,,10,62,66,70,70,136,134,87,282.5,30,10.5,293,,,,
,69,,32,,30,,,,,,,,R101,99,,86,,164,,174,,,,,,,,,101,1,34,6,0,,,,,20,42,65,70,,,,87,293,30,0,293,,,,
,69,,32,,42.5,,,,,,,,R102,54,,72,,,,,,,,,,,,,102,1,34,3,16,,,,,6,49,,,,,,87,279.5,42.5,16,295.5,,,,
,69,,32,,42.5,,23,,,,,,R103,92,,132,,150,,132,,154,,,,,,,103,2,34,3,24,6,,,,13.5,64,67,62.5,65,,,103,319.5,23,6,325.5,,,,
,69,,32,,42.5,,,,,,,,R104,82.5,,170,,,,,,,,,,,,,104,1,34,3,0,,,,,9,67,,,,,,87,319.5,42.5,0,319.5,,,,
,69,,32,,42.5,,30,,16,,,,R105,72,,124,,148,,,,,,,,,,,105,3,34,3,0,9,9,,,12,61,62.5,,,,,105,328.5,16,9,337.5,,,,
,69,,32,,42.5,,30,,,,,,R106,118,,190,,,,,,,,,,,,,106,2,34,3,0,-5,,,,18,70.5,,,,,,103,328.5,30,-5,323.5,,,,
,Diam,,Diam,,Diam,,Diam,,Diam,,Diam,,N° ram,Long,,Poids,,Poids,,Poids,,Poids,,Diam,,Diam,,Diam,,Diam,Long,Long,Long,Long,Long,Long,,Diam,Diam,Diam,Diam,Diam,Poids,Poids,Numero SS_ch,Niveau,Num_SC_mere,Point_insert,DIAM,Poids,Poids,long,long + Point_insert
,55.5,,27.3,,,,,,,,,,R1,52,,110,,,,,,,,,,,,,,,51,57,,,,,,6.75,60,,,,,,1,0,1,51,27.3,,,57,108
,55.5,,27.3,,,,,,,,,,R2,61.5,,,,,,,,,,,,,,,,,51,57,,,,,,6.28,,,,,,,2,0,1,108,27.3,,,57,165
,55.5,,27.3,,46.92,,,,,,,,R3,44,,174,,84,,,,,,,,,,,,,51,57,35,,,,,7.63,68,51,,,,,3,1,3,108,46.92,,,35,143
,55.5,,27.3,,46.92,,18.65,,,,,,R4,74.5,,128,,56,,98,,,,,,,,,,,51,57,22,1.5,,,,7.03,62,45,55,,,,4,2,4,165,18.65,,,1.5,166.5
,55.5,,27.3,,46.92,,13.19,,,,,,R5,31.5,,118,,86,,,,,,,,,,,,,51,57,22,14.5,,,,6.96,60,54,,,,,5,2,4,166.5,13.19,,,14.5,181
,55.5,,27.3,,46.92,,,,,,,,R6,55,,168,,,,,,,,,,,,,,,51,57,22,,,,,7.7,68,,,,,,6,1,3,108,46.92,,,22,130
,55.5,,27.3,,46.92,,,,,,,,R7,87,,112,,118,,,,,,,,,,,,,51,57,0,,,,,10.44,63,56,,,,,7,1,3,130,46.92,,,0,130
,55.5,,27.3,,46.92,,,,,,,,R8,180,,130,,162,,242,,214,,60.5,,,,,,,51,57,14,,,,,9.4,60.5,66.5,78,77.5,130,,8,1,3,130,46.92,,,14,144
,55.5,,27.3,,46.92,,,,,,,,R9,,,,,,,,,,,,,,,,,,51,57,14,,,,,,,,,,,,9,1,3,144,46.92,,,14,158
,55.5,,27.3,,46.92,,,,,,,,R10,105,,142,,170,,172,,238,,60.5,,60.5,,,,,51,57,14,,,,,10.69,64,60,63,72,150,148,10,1,3,158,46.92,,,14,172
,55.5,,27.3,,46.92,,17.3,,8.89,,,,R11,61,,260,,128,,156,,130,,,,,,,,,51,57,17,27.5,25.5,,,6.75,79,62,65,59,,,11,3,11,202.5,8.89,,,25.5,228
,55.5,,27.3,,46.92,,17.3,,,,,,R12,60,,128,,134,,,,,,,,,,,,,51,57,17,-24.5,,,,7.99,61,62,,,,,12,2,12,202.5,17.3,,,-24.5,178
,55.5,,27.3,,,,,,,,,,R13,50,,104,,66,,68,,,,,,,,,,,51,71.5,,,,,,5.06,58,46,49,,,,13,0,1,108,27.3,,,71.5,179.5
,55.5,,27.3,,,,,,,,,,R14,39.5,,80,,136,,,,,,,,,,,,,51,8.5,,,,,,6.73,60,45,,,,,14,0,1,179.5,27.3,,,8.5,188
,55.5,,27.3,,,,,,,,,,R15,34,,104,,142,,,,,,,,,,,,,51,26,,,,,,4.64,58,63,,,,,15,0,1,188,27.3,,,26,214
,55.5,,27.3,,,,,,,,,,R16,12,,104,,92,,86,,,,,,,,,,,51,-3,,,,,,5.06,53,55,52,,,,16,0,1,214,27.3,,,-3,211
,55.5,,27.3,,8.21,,,,,,,,R17,32.5,,134,,132,,130,,,,,,,,,,,51,21,35,,,,,8.32,62,63,60.5,,,,17,1,17,232,8.21,,,35,267
,55.5,,27.3,,8.21,,,,,,,,R18,77,,130,,144,,136,,,,,,,,,,,51,21,0,,,,,6.42,62,65,61,,,,18,1,17,267,8.21,,,0,267
,55.5,,27.3,,8.21,,,,,,,,R19,137,,166,,222,,170,,188,,55,,,,,,,51,21,0,,,,,10.82,69,75,68,72,74,,19,1,17,267,8.21,,,0,267
,55.5,,27.3,,8.21,,,,,,,,R20,48,,114,,,,,,,,,,,,,,,51,21,-28.5,,,,,5.42,58,,,,,,20,1,17,267,8.21,,,-28.5,238.5
,55.5,,31.5,,18.5,,,,,,,,R21,60.5,,136,,122,,,,,,,,,,,,,51,42,31.5,,,,,6.21,61,61,,,,,21,1,21,93,18.5,,,31.5,124.5
,55.5,,31.5,,18.5,,15.86,,7.06,,,,R22,43,,146,,14,,,,,,,,,,,,,51,42,10.5,62,13,,,7.1,65,62,,,,,22,3,22,197,7.06,,,13,210
,55.5,,31.5,,18.5,,15.86,,,,,,R23,69.5,,168,,82,,88,,,,,,,,,,,51,42,10.5,-28,,,,6.85,67.5,47,55,,,,23,2,23,197,15.86,,,-28,169
,55.5,,31.5,,18.5,,,,,,,,R24,64,,141,,108,,132,,,,,,,,,,,51,42,19,,,,,8.03,61,58,62,,,,24,1,21,135,18.5,,,19,154
,55.5,,31.5,,18.5,,,,,,,,R25,58,,180,,,,,,,,,,,,,,,51,42,0,,,,,6.87,66,,,,,,25,1,21,154,18.5,,,0,154
,55.5,,31.5,,18.5,,,,,,,,R26,17.5,,136,,,,,,,,,,,,,,,51,42,68,,,,,5.71,64,,,,,,26,1,21,154,18.5,,,68,222
,55.5,,31.5,,18.5,,19.21,,,,,,R27,10.5,,240,,,,,,,,,,,,,,,51,42,-5.5,20.5,,,,5.02,79.5,,,,,,27,2,27,216.5,19.21,,,20.5,237
,55.5,,31.5,,18.5,,19.21,,,,,,R28,41.5,,218,,,,,,,,,,,,,,,51,42,-5.5,5,,,,6.2,74,,,,,,28,2,27,237,19.21,,,5,242
,55.5,,31.5,,18.5,,25.83,,,,,,R29,1.5,,142,,,,,,,,,,,,,,,51,42,-5.5,15.5,,,,5.02,65,,,,,,29,2,29,216.5,25.83,,,15.5,232
,55.5,,31.5,,18.5,,25.83,,,,,,R30,35.5,,160,,172,,,,,,,,,,,,,51,42,-5.5,29,,,,7.04,69.5,62,,,,,30,2,29,232,25.83,,,29,261
,55.5,,31.5,,18.5,,25.83,,,,,,R31,1.5,,188,,,,,,,,,,,,,,,51,42,-5.5,7.5,,,,5.02,73,,,,,,31,2,29,261,25.83,,,7.5,268.5
,55.5,,31.5,,18.5,,25.83,,,,,,R32,102,,178,,,,,,,,,,,,,,,51,42,-5.5,3.5,,,,10.69,70.5,,,,,,32,2,29,268.5,25.83,,,3.5,272
,55.5,,31.5,,18.5,,25.83,,,,,,R33,72.5,,162,,,,,,,,,,,,,,,51,42,-5.5,8,,,,9.37,69,,,,,,33,2,29,272,25.83,,,8,280
,55.5,,31.5,,18.5,,25.83,,,,,,R34,53,,136,,160,,132,,,,,,,,,,,51,42,-5.5,3,,,,6.82,64,62,62.5,,,,34,2,29,280,25.83,,,3,283
,55.5,,31.5,,18.5,,25.83,,,,,,R35,94.5,,126,,120,,230,,,,,,,,,,,51,42,-5.5,9,,,,13.43,66,58,76.5,,,,35,2,29,283,25.83,,,9,292
,55.5,,31.5,,12.28,,,,,,,,R36,46.5,,126,,112,,134,,116,,,,,,,,,51,29,13.5,,,,,5.84,59,57,55,61,,,36,1,21,216.5,12.28,,,13.5,230
,55.5,,31.5,,,,,,,,,,R37,76,,,,,,,,,,,,,,,,,51,8.5,,,,,,7.32,,,,,,,37,0,1,122,31.5,,,8.5,130.5
,55.5,,31.5,,10.75,,,,,,,,R38,2.5,,132,,94,,126,,,,,,,,,,,51,27,7,,,,,6.28,62,52,58,,,,38,1,21,157.5,10.75,,,7,164.5
,55.5,,31.5,,10.75,,,,,,,,R39,24,,,,,,,,,,,,,,,,,51,27,23,,,,,4.93,,,,,,,39,1,21,164.5,10.75,,,23,187.5
,55.5,,31.5,,44.53,,8.77,,,,,,R40,52.5,,154,,122,,,,,,,,,,,,,51,19,4,6.5,,,,7.72,57,62,,,,,40,2,40,202.03,8.77,,,6.5,208.53
,55.5,,31.5,,,,,,,,,,R41,64,,146,,98,,,,,,,,,,,,,51,4.5,,,,,,8.55,54,55.5,,,,,41,0,1,130.5,31.5,,,4.5,135
,55.5,,31.5,,,,,,,,,,R42,30,,92,,56,,,,,,,,,,,,,51,0,,,,,,6.51,56,48,,,,,42,0,1,135,31.5,,,0,135
,55.5,,31.5,,,,,,,,,,R43,37,,48,,,,,,,,,,,,,,,51,0,,,,,,4.64,57,,,,,,43,0,1,135,31.5,,,0,135
,55.5,,31.5,,21.19,,,,,,,,R44,70,,204,,,,,,,,,,,,,,,51,15.5,43,,,,,6.31,73,,,,,,44,1,44,150.5,21.19,,,43,193.5
,55.5,,31.5,,21.19,,,,,,,,R45,62,,134,,148,,,,,,,,,,,,,51,15.5,12.5,,,,,6.96,60.5,64,,,,,45,1,44,193.5,21.19,,,12.5,206
,55.5,,31.5,,21.19,,29.12,,,,,,R46,68.5,,110,,84,,,,,,,,,,,,,51,15.5,23,4,,,,7.4,64,49,,,,,46,2,45,216.5,29.12,,,4,220.5
,55.5,,31.5,,,,,,,,,,R47,75,,132,,132,,122,,120,,,,,,,,,51,22.5,,,,,,8.37,58,61,56,52,,,47,0,1,150.5,31.5,,,22.5,173
,55.5,,31.5,,,,,,,,,,R48,84,,136,,96,,98,,,,,,,,,,,51,7,,,,,,7.8,62,55,54,,,,48,0,1,173,31.5,,,7,180
,55.5,,31.5,,28.56,,,,,,,,R49,68,,164,,,,,,,,,,,,,,,51,7,51,,,,,10.64,65.5,,,,,,49,1,21,180,28.56,,,51,231
,55.5,,31.5,,28.56,,,,,,,,R50,28.5,,142,,148,,,,,,,,,,,,,51,7,5.5,,,,,13.27,62,64,,,,,50,1,21,231,28.56,,,5.5,236.5
,55.5,,27.5,,,,,,,,,,R51,35,,122,,114,,,,,,,,,,,,,51,71.5,,,,,,5.11,60,58,,,,,51,0,1,51,27.5,,,71.5,122.5
,55.5,,27.5,,,,,,,,,,R52,172,,118,,170,,166,,172,,71,,71,,73,,62,51,28,,,,,,18.52,59,68,66,65.5,204,208,52,0,1,122.5,27.5,222,138,28,150.5
,55.5,,27.5,,,,,,,,,,R53,99,,126,,142,,128,,104,,,,,,,,,51,32,,,,,,8.74,60,64,61,58,,,53,0,1,150.5,27.5,,,32,182.5
,55.5,,27.5,,14.75,,,,,,,,R54,60.5,,,,,,,,,,,,,,,,,51,0,9,,,,,5.92,,,,,,,54,1,51,182.5,14.75,,,9,191.5
,55.5,,27.5,,17.53,,,,,,,,R55,72,,242,,184,,,,,,,,,,,,,51,61,22,,,,,9.64,79,69,,,,,55,1,51,243.5,17.53,,,22,265.5
,55.5,,27.5,,,,,,,,,,R56,55.5,,174,,160,,,,,,,,,,,,,51,7,,,,,,10.02,69,66,,,,,56,0,1,243.5,27.5,,,7,250.5
,55.5,,27.5,,16.85,,11.48,,,,,,R57,83.5,,208,,152,,,,,,,,,,,,,51,25,6,3,,,,9.48,72,66.5,,,,,57,2,57,281.5,11.48,,,3,284.5
,55.5,,27.5,,,,,,,,,,R58,79.5,,118,,152,,188,,156,,,,,,,,,51,37,,,,,,8.58,58,65,68,65,,,58,0,1,268.5,27.5,,,37,305.5
,55.5,,27.5,,,,,,,,,,R59,72,,136,,162,,110,,,,,,,,,,,51,0,,,,,,6.82,62,66.5,52,,,,59,0,1,305.5,27.5,,,0,305.5
,55.5,,27.5,,,,,,,,,,R60,81,,240,,196,,,,,,,,,,,,,51,0,,,,,,8.34,76,69,,,,,60,0,1,305.5,27.5,,,0,305.5
,55.5,,29.3,,46.46,,16.42,,,,,,R61,4.5,,128,,,,,,,,,,,,,,,51,28,70,3,,,,5.33,63.5,,,,,,61,2,61,149,16.42,,,3,152
,55.5,,29.3,,46.46,,16.42,,11.43,,,,R62,4,,122,,,,,,,,,,,,,,,51,28,70,40,32,,,6.1,61,,,,,,62,3,62,192,11.43,,,32,224
,55.5,,29.3,,46.46,,16.42,,,,,,R63,43,,160,,,,,,,,,,,,,,,51,28,70,0,,,,5.84,66,,,,,,63,2,61,192,16.42,,,0,192
,55.5,,29.3,,46.46,,16.42,,,,,,R64,83,,,,,,,,,,,,,,,,,51,28,70,13,,,,9.5,,,,,,,64,2,61,192,16.42,,,13,205
,55.5,,29.3,,46.46,,16.42,,12,,,,R65,65.5,,156,,144,,,,,,,,,,,,,51,28,70,0,18,,,10,66,61,,,,,65,3,65,205,12,,,18,223
,55.5,,29.3,,46.46,,16.42,,40,,,,R66,43,,106,,,,,,,,,,,,,,,51,28,70,22.5,3,,,5,60,,,,,,66,3,66,227.5,40,,,3,230.5
,55.5,,29.3,,46.46,,16.42,,40,,,,R67,38,,132,,,,,,,,,,,,,,,51,28,70,22.5,10,,,5,55,,,,,,67,3,66,230.5,40,,,10,240.5
,55.5,,29.3,,46.46,,16.42,,40,,,,R68,92,,190,,142,,138,,156,,172,,58,,,,,51,28,70,22.5,13,,,12,71.5,64.5,64,64,88,66,68,3,66,240.5,40,,,13,253.5
,55.5,,29.3,,46.46,,16.42,,40,,14.5,,R69,25.5,,124,,78,,116,,,,,,,,,,,51,28,70,22.5,13,39,,6,60.5,60,62,,,,69,4,69,253.5,14.5,,,39,292.5
,55.5,,29.3,,46.46,,16.42,,40,,,,R70,50.5,,140,,,,,,,,,,,,,,,51,28,70,22.5,13.5,,,7,64,,,,,,70,3,66,253.5,40,,,13.5,267
,55.5,,29.3,,46.46,,16.42,,40,,,,R71,29,,140,,,,,,,,,,,,,,,51,28,70,22.5,12,,,7,62,,,,,,71,3,66,267,40,,,12,279
,55.5,,29.3,,46.46,,16.42,,40,,,,R72,33,,122,,136,,,,,,,,,,,,,51,28,70,22.5,6,,,9,61,63,,,,,72,3,66,279,40,,,6,285
,55.5,,29.3,,46.46,,16.42,,40,,,,R73,40,,124,,142,,136,,,,,,,,,,,51,28,70,22.5,11,,,7,64,62,63,,,,73,3,66,285,40,,,11,296
,55.5,,29.3,,46.46,,16.42,,40,,,,R74,28,,186,,212,,,,,,,,,,,,,51,28,70,22.5,5,,,7,68.5,73.5,,,,,74,3,66,296,40,,,5,301
,55.5,,29.3,,46.46,,16.42,,40,,,,R75,80,,206,,174,,148,,,,,,,,,,,51,28,70,22.5,3.5,,,15,75,71,66,,,,75,3,66,301,40,,,3.5,304.5
,55.5,,29.3,,46.46,,14,,,,,,R76,48,,150,,,,,,,,,,,,,,,51,28,68,1.5,,,,6,58,,,,,,76,2,76,217,14,,,1.5,218.5
,55.5,,29.3,,46.46,,9,,,,,,R77,38,,146,,122,,,,,,,,,,,,,51,28,10,4.5,,,,7,62,60,,,,,77,2,76,227,9,,,4.5,231.5
,55.5,,29.3,,46.46,,,,,,,,R78,40,,190,,,,,,,,,,,,,,,51,28,10,,,,,5,70,,,,,,78,1,61,227,46.46,,,10,237
,55.5,,29.3,,46.46,,,,,,,,R79,31,,166,,,,,,,,,,,,,,,51,28,14.5,,,,,10,67.5,,,,,,79,1,61,237,46.46,,,14.5,251.5
,55.5,,29.3,,46.46,,,,,,,,R80,44,,158,,,,,,,,,,,,,,,51,28,42,,,,,5,53,,,,,,80,1,61,251.5,46.46,,,42,293.5
,55.5,,29.3,,46.46,,,,,,,,R81,62.5,,210,,200,,130,,,,,,,,,,,51,28,30,,,,,8.5,76,75,60,,,,81,1,61,293.5,46.46,,,30,323.5
,55.5,,29.3,,46.46,,,,,,,,R82,35,,216,,,,,,,,,,,,,,,51,28,0,,,,,6,81,,,,,,82,1,61,323.5,46.46,,,0,323.5
,55.5,,29.3,,46.46,,55,,,,,,R83,104,,148,,142,,140,,102,,,,,,,,,51,28,12,32,,,,10,65,63,61,68,,,83,2,83,335.5,55,,,32,367.5
,55.5,,29.3,,46.46,,55,,,,,,R84,41,,124,,118,,166,,,,,,,,,,,51,28,12,0,,,,9,60.05,60.05,66.5,,,,84,2,83,367.5,55,,,0,367.5
,55.5,,29.3,,46.46,,55,,,,,,R85,68,,196,,,,,,,,,,,,,,,51,28,12,5.5,,,,26,73,,,,,,85,2,83,367.5,55,,,5.5,373
,55.5,,29.3,,46.46,,55,,26,,,,R86,21,,178,,244,,,,,,,,,,,,,51,28,12,5.5,38,,,10,71.5,76.5,,,,,86,3,86,373,26,,,38,411
,55.5,,29.3,,46.46,,55,,26,,,,R87,24.5,,182,,,,,,,,,,,,,,,51,28,12,5.5,67,,,10,68.5,,,,,,87,3,86,411,26,,,67,478
,55.5,,29.3,,46.46,,55,,26,,,,R88,1,,156,,206,,190,,,,,,,,,,,51,28,12,5.5,20,,,5,65.5,73.5,72,,,,88,3,86,478,26,,,20,498
,55.5,,29.3,,46.46,,55,,26,,,,R89,67,,192,,188,,166,,,,,,,,,,,51,28,12,5.5,11,,,14,72,70,60,,,,89,3,86,498,26,,,11,509
,55.5,,29.3,,46.46,,,,,,,,R90,107,,154,,208,,168,,188,,,,,,,,,51,28,44,,,,,12,65.5,73,70,71,,,90,1,61,335.5,46.46,,,44,379.5
,55.5,,29.3,,46.46,,,,,,,,R91,38,,136,,122,,,,,,,,,,,,,51,28,0,,,,,8.5,60,60,,,,,91,1,61,379.5,46.46,,,0,379.5
,55.5,,29.3,,46.46,,34,,,,,,R92,61.5,,202,,182,,168,,,,,,,,,,,51,28,21,20,,,,12,71,72,69,,,,92,2,92,400.5,34,,,20,420.5
,55.5,,29.3,,46.46,,34,,,,,,R93,84,,122,,156,,162,,206,,,,,,,,,51,28,21,9,,,,10,58,61,65.5,74,,,93,2,92,420.5,34,,,9,429.5
,55.5,,29.3,,46.46,,34,,,,,,R94,57,,182,,132,,124,,140,,54,,,,,,,51,28,21,14,,,,10.5,70,60,59.5,63,108,,94,2,92,429.5,34,,,14,443.5
,55.5,,29.3,,46.46,,34,,,,,,R95,70,,195,,136,,174,,,,,,,,,,,51,28,21,4.5,,,,14,60,74,69,,,,95,2,92,443.5,34,,,4.5,448
,55.5,,29.3,,46.46,,34,,,,,,R96,40,,154,,,,,,,,,,,,,,,51,28,21,0,,,,13,49,,,,,,96,2,92,448,34,,,0,448
,55.5,,29.3,,46.46,,13,,,,,,R97,40,,144,,226,,122,,,,,,,,,,,51,28,21,30,,,,7,63,75,,,,,97,2,97,400.5,13,,,30,430.5
,55.5,,29.3,,46.46,,13,,,,,,R98,43,,130,,,,,,,,,,,,,,,51,28,21,7,,,,6,62,,,,,,98,2,97,430.5,13,,,7,437.5
,55.5,,29.3,,46.46,,,,,,,,R99,67,,160,,102,,98,,,,,,,,,,,51,28,3.5,,,,,8,67.5,55,57.5,,,,99,1,61,400.5,46.46,,,3.5,404
,55.5,,29.3,,46.46,,,,,,,,R100,57,,,,,,,,,,,,,,,,,51,28,0,,,,,8,,,,,,,100,1,61,404,46.46,,,0,404
