Tronc,Unnamed: 1,charpant,Unnamed: 3,1er ss charpante,Unnamed: 5,2ème ss charpante,Unnamed: 7,3ème ss charpante,Unnamed: 9,4ème ss charpante,Unnamed: 11,5ème ss charpante,Unnamed: 13,Rameaux,Unnamed: 15,Unnamed: 16,Remarque,Rameaux.1,Fruit 1,Unnamed: 20,Fruit 2,Unnamed: 22,Fruit 3,Unnamed: 24,Fruit 4,Unnamed: 26,Fruit 5,Unnamed: 28,Fruit 6,Unnamed: 30,Fruit 7,Unnamed: 32,Fruit 8,Unnamed: 34,6ème ss charpante,7 ème ss charpante ,Unnamed: 17,Unnamed: 19,Unnamed: 36,Unnamed: 38,Unnamed: 18,                  6ème ss charpante,Unnamed: 21,Unnamed: 23,Unnamed: 25,Unnamed: 27,Unnamed: 29,Unnamed: 31,Unnamed: 33,Unnamed: 35
Diam,Long,Diam,Long,Diam,Long,Diam,Long,Diam,Long,Diam,Long,Diam,Long,N° ram,Diam,Long,,N° ram,Poids,Diam,Poids,Diam,Poids,Diam,Poids,Diam,Poids,Diam,Poids,Diam,Poids,Diam,Poids,Diam,,,,,,,,,,,,,,,,
65.5,43,37.5,54,62.5,39,48,4,13.5,12,,,,,R1,6,48.5,,R1,119,63.5,151,62.5,136,64.5,,,,,,,,,,,,,,,,,,,,,,,,,,
,,,,,,,,,,15,2.5,,,R2,9,68,,R2,129,64,136,67,140,67.5,147,65,,,,,,,,,,,,,,,,,,,,,,,,
,,,,,,,48,19,23,7,3.5,,,R3,5,19,,R3,135,60,112,63.5,,,,,,,,,,,,,,,,,,,,,,,,,,,,
,,,,,,,,,5.5,8.5,4,,,R4,6,49,,R4,192,70,116,66.5,119,64,,,,,,,,,,,,,,,,,,,,,,,,,,
,,,,,,,,,28,14.5,4.5,,,R5,10,44.5,,R5,119,67.5,127,65,139,67,,,,,,,,,,,,,,,,,,,,,,,,,,
,,,,,,,,,,,4,,,R6,9,73,,R6,163,65,161,67,162,65,160,69,,,,,,,,,,,,,,,,,,,,,,,,
,,,,,58.5,,,,,,,,,R7,9,72.5,,R7,123,60,131,63.5,144,67.5,,,,,,,,,,,,,,,,,,,,,,,,,,
,,,,,13,,,,,,,,,R8,11,71,,R8,153,62,123,64,162,69,171,67,,,,,,,,,,,,,,,,,,,,,,,,
,,,,,39,,,,,,,,,R9,5.5,25.5,,R9,133,67,113,64,,,,,,,,,,,,,,,,,,,,,,,,,,,,
,,,,,11,17,10,,,,,,,R10,9.5,75,,R10,140,65,137,67,145,63.5,138,62,,,,,,,,,,,,,,,,,,,,,,,,
,,,,,,,8,,,,,,,R11,12,86,,R11,121,63.5,131,64.5,118,66.5,143,67,,,,,,,,,,,,,,,,,,,,,,,,
,,,,,,,7,,,,,,,R12,7.5,56,,R12,131,62,184,67,132,65.5,,,,,,,,,,,,,,,,,,,,,,,,,,
,,,,,4,12,8.4,,,,,,,R13,9,30,,R13,103,68.5,122,69,,,,,,,,,,,,,,,,,,,,,,,,,,,,
,,,,,,,3.5,,,,,,,R14,7,41.5,,R14,123,68.5,143,68,,,,,,,,,,,,,,,,,,,,,,,,,,,,
,,,,,34,47,64,17,3,11,7,10,7,R15,7.5,69,,R15,141,67.5,122,64.5,,,,,,,,,,,,,,,,,,,,,,,,,,,,
,,,47,61,32,20,10,,,,,,,R16,12.5,90,,R16,131,62,153,65,143,68,201,68.5,136,65.5,,,,,,,,,,,,,,,,,,,,,,
,,,,,11,19,9.5,12.5,8,11,6.5,,,R17,6,44,,R17,141,65,133,64,163,69,,,,,,,,,,,,,,,,,,,,,,,,,,
,,,,,,,,,,,10,,,R18,5,47.5,,R18,123,65.5,160,68,139,63,,,,,,,,,,,,,,,,,,,,,,,,,,
,,,,,,,0,,,,,,,R19,6,47,,R19,120,63.5,151,65,131,64,,,,,,,,,,,,,,,,,,,,,,,,,,
,,,,,65,35,7,28,9.5,,,,,R20,10,48,,R20,152,77.5,140,67.5,161,72,,,,,,,,,,,,,,,,,,,,,,,,,,
,,,,,,,,,25,,,,,R21,10,52.5,,R21,119,65.5,121,69,118,67.5,,,,,,,,,,,,,,,,,,,,,,,,,,
,,,,,,,,,6,,,,,R22,12.5,40,,R22,143,68.5,127,64.5,150,63.5,,,,,,,,,,,,,,,,,,,,,,,,,,
,,,,,,,,,6,16,3.5,,,R23,11,48,,R23,163,68,117,67,122,62,,,,,,,,,,,,,,,,,,,,,,,,,,
,,,,,,,,,-14.5,,,,,R24,6,29,,R24,127,63,130,65.5,,,,,,,,,,,,,,,,,,,,,,,,,,,,
,,,,,40,15.5,4,,,,,,,R25,9,47,,R25,130,63,139,63.5,143,67.5,,,,,,,,,,,,,,,,,,,,,,,,,,
,,,,,,,5,,,,,,,R26,7,46,,R26,163,65.5,126,65,,,,,,,,,,,,,,,,,,,,,,,,,,,,
,,,,,26,33,6.5,,,,,,,R27,10.5,65.5,,R27,165,67.5,143,66,130,65.5,,,,,,,,,,,,,,,,,,,,,,,,,,
,,,,,,,10,,,,,,,R28,7.5,35,,R28,120,69,116,67.5,,,,,,,,,,,,,,,,,,,,,,,,,,,,
,,,,,,,19.5,,,,,,,R29,12,54,,R29,201,68.5,213,67,,,,,,,,,,,,,,,,,,,,,,,,,,,,
,,,,,,,3.5,,,,,,,R30,11,41.5,,R30,117,66.5,158,65.5,114,64.5,,,,,,,,,,,,,,,,,,,,,,,,,,
,,,,,,,7.5,19,2,,,,,R31,6.5,33.5,,R31,152,65.5,119,67,,,,,,,,,,,,,,,,,,,,,,,,,,,,
,,,,,,,-10,,,,,,,R32,12,52,,R32,184,65.5,162,63,163,65.5,,,,,,,,,,,,,,,,,,,,,,,,,,
,,,90,67,10.5,48,12.5,27,18,,,,,R33,7.5,32,,R33,130,62,161,68,,,,,,,,,,,,,,,,,,,,,,,,,,,,
,,,,,,,,,6,,,,,R34,8,59,,R34,132,69.5,171,68,160,67,,,,,,,,,,,,,,,,,,,,,,,,,,
,,,,,,,,,3.5,,,,,R35,7.5,35,,R35,175,69,120,65,,,,,,,,,,,,,,,,,,,,,,,,,,,,
,,,,,,,,,14.5,,,,,R36,6.5,31,,R36,200,65.5,187,64,,,,,,,,,,,,,,,,,,,,,,,,,,,,
,,,,,,,,,7,,,,,R37,7.5,44,,R37,153,66,130,65,113,64,,,,,,,,,,,,,,,,,,,,,,,,,,
,,,,,,,,,3.5,,,,,R38,9,42,,R38,181,69.5,170,64.5,180,68,,,,,,,,,,,,,,,,,,,,,,,,,,
,,,,,,,,,11,,,,,R39,8,37,,R39,120,68,130,65,,,,,,,,,,,,,,,,,,,,,,,,,,,,
,,,,,,,,,4,,,,,R40,11,37.5,,R40,183,69,119,67,,,,,,,,,,,,,,,,,,,,,,,,,,,,
,,,,,,,,,4,,,,,R41,11.5,37,,R41,177,75,161,72,,,,,,,,,,,,,,,,,,,,,,,,,,,,
,,,,,,,10,25,8,19,4,,,R42,8.5,52,,R42,143,68,153,69,160,71,,,,,,,,,,,,,,,,,,,,,,,,,,
,,,,,,,,,,,5.5,,,R43,11,81,,R43,180,65,128,58,153,63.5,163,67,,,,,,,,,,,,,,,,,,,,,,,,
,,,,,,,,,,,12.5,,,R44,7,45.5,,R44,168,65.5,139,65,122,67.5,,,,,,,,,,,,,,,,,,,,,,,,,,
,,,,,,,,,,,8,,,R45,8,81,,R45,121,68,123,65,111,64,132,65,,,,,,,,,,,,,,,,,,,,,,,,
,,,,,,,5,17.5,3,9.5,8.5,,,R46,5,36,,R46,156,66,172,67,,,,,,,,,,,,,,,,,,,,,,,,,,,,
,,,,,,,,,7,11,4,,,R47,5.5,39,,R47,176,62.5,171,63,,,,,,,,,,,,,,,,,,,,,,,,,,,,
,,,,,,,,,,,3.5,,,R48,6,40,,R48,188,62,143,65,173,68,,,,,,,,,,,,,,,,,,,,,,,,,,
,,,,,,,28,,,,,,,R49,17.5,134,,R49,120,68,131,67,140,69,146,71,180,73,201,75.5,,,,,,,,,,,,,,,,,,,,
,,,,,,,2,,,,,,,R50,7.5,64,,R50,201,69,170,62,120,64,123,65,,,,,,,,,,,,,,,,,,,,,,,,
,,,,,,,1.5,,,,,,,R51,6.5,39,,R51,207,72,223,78,,,,,,,,,,,,,,,,,,,,,,,,,,,,
,,,,,,,,32,20,,,,,R52,11,49,,R52,207,69.5,175,62.5,171,67,,,,,,,,,,,,,,,,,,,,,,,,,,
,,,,,,,,,11,,,,,R53,15,52,,R53,180,67,156,66,120,65,,,,,,,,,,,,,,,,,,,,,,,,,,
,,,,,,,,,2.5,,,,,R54,7.5,45,,R54,163,72,139,66,120,67,,,,,,,,,,,,,,,,,,,,,,,,,,
,,,,,,,,,9.5,12.5,6,,,R55,5,21,,R55,183,67,,,,,,,,,,,,,,,,,,,,,,,,,,,,,,
,,39,124,52,6,,,,,,,,,R56,7.5,49,,R56,175,62.5,131,65,,,,,,,,,,,,,,,,,,,,,,,,,,,,
,,,,,,12,9,,,,,,,R57,7,30,,R57,170,65.5,174,65,,,,,,,,,,,,,,,,,,,,,,,,,,,,
,,,,,48,10,22,,,,,,,R58,6.5,28,,R58,201,68,,,,,,,,,,,,,,,,,,,,,,,,,,,,,,
,,,,,,,7,,,,,,,R59,6,20,,R59,167,66,,,,,,,,,,,,,,,,,,,,,,,,,,,,,,
,,,,,43,13,4.5,,,,,,,R60,7,22,,R60,160,66.5,,,,,,,,,,,,,,,,,,,,,,,,,,,,,,
,,,,,,,9,,,,,,,R61,7,34,,R61,160,65,124,65,,,,,,,,,,,,,,,,,,,,,,,,,,,,
,,,,,43,20,8,,,,,,,R62,13,38,,R62,195,65,201,67,,,,,,,,,,,,,,,,,,,,,,,,,,,,
,,,,,3,18,3.5,,,,,,,R63,12,58,,R63,215,68.5,213,67.5,122,64,,,,,,,,,,,,,,,,,,,,,,,,,,
,,,,,,,3,,,,,,,R64,12,47,,R64,181,62,182,65,172,63,,,,,,,,,,,,,,,,,,,,,,,,,,
,,,57,20,18,,,,,,,,,R65,5,26,,R65,185,66,,,,,,,,,,,,,,,,,,,,,,,,,,,,,,
,,,,,9,12,16,,,,,,,R66,8,50,,R66,164,65,171,65.5,174,67,,,,,,,,,,,,,,,,,,,,,,,,,,
,,,,,,,5,,,,,,,R67,4.5,20,,R67,168,66,,,,,,,,,,,,,,,,,,,,,,,,,,,,,,
,,,,,,,23,,,,,,,R68,6,40,,R68,170,68,161,67,130,63,,,,,,,,,,,,,,,,,,,,,,,,,,
,,,,43.5,43,13,7,,,,,,,R69,8,61,,R69,160,65.5,163,66,172,65,181,68,,,,,,,,,,,,,,,,,,,,,,,,
,,,,,0,33.5,30,32.5,6,,,,,R70,9,22,,R70,150,63,,,,,,,,,,,,,,,,,,,,,,,,,,,,,,
,,,,,,,,,3,,,,,R71,15,72,,R71,163,65.5,152,63.5,192,68,201,67.5,,,,,,,,,,,,,,,,,,,,,,,,
,,,42,90,14,35,3.5,,,,,,,R72,14,77,,R72,160,66,199,68,171,67,190,68.5,,,,,,,,,,,,,,,,,,,,,,,,
,,,,,,,13,,,,,,,R73,13,82.5,,R73,277,70,161,66,201,73,199,72,187,71,,,,,,,,,,,,,,,,,,,,,,
,,,,,,,13,23,20,,,,,R74,8,36.5,,R74,183,64,161,66,,,,,,,,,,,,,,,,,,,,,,,,,,,,
,,,,,,,,,9,,,,,R75,10,37,,R75,192,68.5,229,67,,,,,,,,,,,,,,,,,,,,,,,,,,,,
,,,,,,,,,4,,,,,R76,11,45,,R76,231,73.5,250,72.5,209,67.5,,,,,,,,,,,,,,,,,,,,,,,,,,
,,,,,,,,,5,,,,,R77,12,34,,R77,143,63.5,135,65,,,,,,,,,,,,,,,,,,,,,,,,,,,,
,,,,,,,,31,7,,,,,R78,6,45,,R78,131,65,180,68,137,65.5,,,,,,,,,,,,,,,,,,,,,,,,,,
,,,,,,,,,9,,,,,R79,5,24,,R79,171,66,,,,,,,,,,,,,,,,,,,,,,,,,,,,,,
,,,,,,,,,12,,,,,R80,9,54,,R80,228,72.5,206,71,219,64.5,,,,,,,,,,,,,,,,,,,,,,,,,,
,,,,,,,,,10,,,,,R81,15,53,,R81,197,63,150,58.5,165,65,141,59,,,,,,,,,,,,,,,,,,,,,,,,
,,,,,,,,,5,,,,,R82,13,76,,R82,276,71.5,221,64.5,169,57,,,,,,,,,,,,,,,,,,,,,,,,,,
,,37,167,49,21,10,10.5,,,,,,,R83,6,35,,R83,190,68,230,67,,,,,,,,,,,,,,,,,,,,,,,,,,,,
,,,,,7.5,,,,,,,,,R84,8,61,,R84,191,67,198,68,209,73,,,,,,,,,,,,,,,,,,,,,,,,,,
,,,,,7.5,,,,,,,,,R85,8,64.5,,R85,180,64,190,68,170,67,,,,,,,,,,,,,,,,,,,,,,,,,,
,,,,,13,,,,,,,,,R86,6.5,42,,R86,207,72,253,71,209,70,,,,,,,,,,,,,,,,,,,,,,,,,,
,,,,,33,9,7.5,,,,,,,R87,7,30,,R87,180,70,150,71,,,,,,,,,,,,,,,,,,,,,,,,,,,,
,,,,,19,13,13,,,,,,,R88,7,29,,R88,154,63,186,70,,,,,,,,,,,,,,,,,,,,,,,,,,,,
,,,,,,,13,,,,,,,R89,7,32,,R89,169,66.5,181,68,,,,,,,,,,,,,,,,,,,,,,,,,,,,
,,,,56,59,49,5.5,25,18,15,10.5,,,R90,11,88,,R90,203,67,196,75,202,74,173,73,,,,,,,,,,,,,,,,,,,,,,,,
,,,,,,,,,,,1.5,,,R91,7,32,,R91,134,65,198,68,,,,,,,,,,,,,,,,,,,,,,,,,,,,
,,,,,,,,,30,15,10,,,R92,8.5,56,,R92,192,64,161,66,202,73,,,,,,,,,,,,,,,,,,,,,,,,,,
,,,,,,,,,,,3.5,,,R93,5,2,,R93,206,65,,,,,,,,,,,,,,,,,,,,,,,,,,,,,,
,,,,,,,,,,,4,,,R94,8,37,,R94,254,72,174,68,,,,,,,,,,,,,,,,,,,,,,,,,,,,
,,,,,,,0,39,9,,,,,R95,11,63,,R95,138,61,202,71,171,67,,,,,,,,,,,,,,,,,,,,,,,,,,
,,,,,,,,,9.5,,,,,R96,9,58,,R96,163,68,197,69,137,67.5,,,,,,,,,,,,,,,,,,,,,,,,,,
,,,,,,,,,11,,,,,R97,13.5,72,,R97,185,69,181,68,209,73,190,71,,,,,,,,,,,,,,,,,,,,,,,,
,,,,,,,,,5,,,,,R98,13,68,,R98,142,61,170,68,208,65,181,66,,,,,,,,,,,,,,,,,,,,,,,,
,,,,,32,48.5,7,24,12,,,,,R99,5.5,22,,R99,136,63.5,,,,,,,,,,,,,,,,,,,,,,,,,,,,,,
,,,,,,,,,21,,,,,R100,11,53,,R100,198,65.5,179,70.5,160,65,,,,,,,,,,,,,,,,,,,,,,,,,,
,,,,,,,,,10.5,,,,,R101,6,1.5,,R101,184,69,,,,,,,,,,,,,,,,,,,,,,,,,,,,,,
,,,,,,,,,6,,,,,R102,15,38,,R102,134,67,132,71.5,153,61,180,66,,,,,,,,,,,,,,,,,,,,,,,,
,,,,,,,34,25,29,,,,,R103,7,17,,R103,182,68,,,,,,,,,,,,,,,,,,,,,,,,,,,,,,
,,,,,,,,,17,,,,,R104,6.5,34,,R104,133,70,171,64,,,,,,,,,,,,,,,,,,,,,,,,,,,,
,,,,,,,,,9.5,,,,,R105,15,70,,R105,224,65,220,63,121,63,116,61,,,,,,,,,,,,,,,,,,,,,,,,
,,32,104,29,4,9,7,,,,,,,R106,7,60.5,,R106,214,69,191,67,230,66.5,150,62,,,,,,,,,,,,,,,,,,,,,,,,
,,,,,36,,,,,,,,,R107,5,33,,R107,200,65,140,68,,,,,,,,,,,,,,,,,,,,,,,,,,,,
,,,,,5,10,13,,,,,,,R108,7,35,,R108,200,71.5,204,65,123,63.5,,,,,,,,,,,,,,,,,,,,,,,,,,
,,,,,,,33,9,12,,,,,R109,6,39,,R109,170,67,162,60,120,61,,,,,,,,,,,,,,,,,,,,,,,,,,
,,,53,40,5,32,12,38,2.5,,,,,R110,7,48,,R110,214,65,144,68,221,63,,,,,,,,,,,,,,,,,,,,,,,,,,
,,,,,,,,,44,18,22,,,R111,9,20,,R111,190,68,,,,,,,,,,,,,,,,,,,,,,,,,,,,,,
,,,,,,,,,,,18,,,R112,9,42,,R112,186,67,130,65,,,,,,,,,,,,,,,,,,,,,,,,,,,,
,,,,,,,,,,,9.5,,,R113,9,35,,R113,210,66.5,128,65.5,,,,,,,,,,,,,,,,,,,,,,,,,,,,
,,,,71,7.5,39,22,,,,,,,R114,11,71,,R114,201,65,204,64.5,157,62.5,230,63,,,,,,,,,,,,,,,,,,,,,,,,
,,,,,,,9,11,10,,,,,R115,7,24,,R115,203,67.5,,,,,,,,,,,,,,,,,,,,,,,,,,,,,,
,,,,,,,50,17,15,,,,,R116,6.5,8,,R116,199,67,,,,,,,,,,,,,,,,,,,,,,,,,,,,,,
,,,,,,,,,5,,,,,R117,6,20,,R117,194,68.5,,,,,,,,,,,,,,,,,,,,,,,,,,,,,,
,,,,,,,,,8,,,,,R118,6,3,,R118,242,71,,,,,,,,,,,,,,,,,,,,,,,,,,,,,,
,,,,,,,,,7,,,,,R119,11,74.5,,R119,192,67.5,234,66.5,156,62.5,237,66.5,,,,,,,,,,,,,,,,,,,,,,,,
,,,48,71,26,66,34,38,31,11,4,,,R120,9,42,,R120,210,66,201,64,150,62,,,,,,,,,,,,,,,,,,,,,,,,,,
,,,,,,,,,10,,,,,R121,22,94,,R121,198,63.5,202,68,190,63.5,160,64.5,202,67,,,,,,,,,,,,,,,,,,,,,,
,,,,,,,,,19,,,,,R122,15,57,,R122,162,64,131,65,160,66,,,,,,,,,,,,,,,,,,,,,,,,,,
,,,,,,,23,35,9,28,18,,,R123,18,92,,R123,151,63.5,165,64.5,162,60,120,61,,,,,,,,,,,,,,,,,,,,,,,,
,,,,,,,,,,,6,,,R124,18,72,,R124,215,64,212,67,210,67.5,230,68,,,,,,,,,,,,,,,,,,,,,,,,
,,,,,,,,,,,12,,,R125,11,48,,R125,167,69,224,65,170,63.5,120,63,,,,,,,,,,,,,,,,,,,,,,,,
,,,,,,,,,37,31,,,,R126,10,20,,R126,200,71,,,,,,,,,,,,,,,,,,,,,,,,,,,,,,
,,,,,,,,,9.5,,,,,R127,15,79,,R127,149,64,121,60,162,62,223,63,,,,,,,,,,,,,,,,,,,,,,,,
,,,,,,,,50,18,38,10,28,3.5,R128,13,69,,R128,134,63.5,162,64.5,214,65,171,63.5,,,,,,,,,,,,,,,,,,,,,,,,
,,,,,,,,39,3.5,11,2.5,,,R129,10,36,,R129,209,65,198,62,191,67,,,,,,,,,,,,,,,,,,,,,,,,,,
Diam,Long,Diam,Long,Diam,Long,Diam,Long,Diam,Long,Diam,Long,Diam,Long,N° ram,Diam,Long,,N° ram,Poids,Diam,Poids,Diam,Poids,Diam,Poids,Diam,Poids,Diam,Poids,Diam,Poids,Diam,Poids,Diam,,,,,,,,,,,,,,,,
59,55,34,30,24,5,,,,,,,,,R1,10,54.5,,R1,141,60,139,57,,,,,,,,,,,,,,,,,,,,,,,,,,,,
,,,,,25.5,,,,,,,,,R2,10,73.5,,R2,139,57,158,69,123,65.5,,,,,,,,,,,,,,,,,,,,,,,,,,
,,,41,60.5,40,33,11.5,19.5,42,,,,,R3,7,25,,R3,130,63,126,61,,,,,,,,,,,,,,,,,,,,,,,,,,,,
,,,,,,,,,9.5,,,,,R4,5,7,,R4,153,69,,,,,,,,,,,,,,,,,,,,,,,,,,,,,,
,,,,,,,,,3,,,,,R5,5,6,,R5,153,64,,,,,,,,,,,,,,,,,,,,,,,,,,,,,,
,,,,,,,,,4.5,,,,,R6,5.5,10,,R6,182,67,,,,,,,,,,,,,,,,,,,,,,,,,,,,,,
,,,,,,,,,9,,,,,R7,5,12,,R7,135,62,,,,,,,,,,,,,,,,,,,,,,,,,,,,,,
,,,,,,,,,4.5,,,,,R8,6,16,,R8,160,64,,,,,,,,,,,,,,,,,,,,,,,,,,,,,,
,,,,,,,,,10,,,,,R9,7,55,,R9,144,67,143,63,,,,,,,,,,,,,,,,,,,,,,,,,,,,
,,,50,39,8.5,24.5,8,14,7,,,,,R10,5,23,,R10,135,63,,,,,,,,,,,,,,,,,,,,,,,,,,,,,,
,,,,,,,7,18,16,17,2,,,R11,5.5,21.5,,R11,150,67,130,69,,,,,,,,,,,,,,,,,,,,,,,,,,,,
,,,,,,,,,,,3,8,9.5,R12,6,33,,R12,134,64.5,153,68.5,,,,,,,,,,,,,,,,,,,,,,,,,,,,
,,,,,,,,,,,,,4,R13,4.5,18,,R13,108,56.5,,,,,,,,,,,,,,,,,,,,,,,,,,,,,,
,,,,,,,,17,12,,,,,R14,6,40,,R14,106,62.5,102,64.5,,,,,,,,,,,,,,,,,,,,,,,,,,,,
,,,46,53,8.5,,,,,,,,,R15,10,103,,R15,143,67,125,65.5,201,74,172,72.5,190,75,,,,,,,,,,,,,,,,,,,,,,
,,,,,,22,23,,,,,,,R16,5,19,,R16,155,69,120,65,,,,,,,,,,,,,,,,,,,,,,,,,,,,
,,,,,,,23.5,,,,,,,R17,4.5,30,,R17,156,68,152,66.5,,,,,,,,,,,,,,,,,,,,,,,,,,,,
,,,,,,,4,,,,,,,R18,5.5,17,,R18,108,69.5,153,65.5,,,,,,,,,,,,,,,,,,,,,,,,,,,,
,,,,,,,8,,,,,,,R19,10,35.5,,R19,152,65.6,158,69,,,,,,,,,,,,,,,,,,,,,,,,,,,,
,,,,,,,19,20,4.5,,,,,R20,7.5,16,,R20,223,67,,,,,,,,,,,,,,,,,,,,,,,,,,,,,,
,,,,,30.5,9,8,,,,,,,R21,10,47.5,,R21,166,65,163,63.5,163,66.5,,,,,,,,,,,,,,,,,,,,,,,,,,
,,,,,11.5,21,6.5,13,2,,,,,R22,7,36,,R22,152,69,142,66.5,,,,,,,,,,,,,,,,,,,,,,,,,,,,
,,,,,,,21,,,,,,,R23,6,6,,R23,190,71.5,,,,,,,,,,,,,,,,,,,,,,,,,,,,,,
,,,,,,,9.5,13.5,3,,,,,R24,7,27,,R24,215,69,204,66,,,,,,,,,,,,,,,,,,,,,,,,,,,,
,,,9,53,13,,,,,,,,,R25,10,24,,R25,137,65,201,67.5,,,,,,,,,,,,,,,,,,,,,,,,,,,,
,,,,,,27,26,,,,,,,R26,7,18,,R26,151,63.5,,,,,,,,,,,,,,,,,,,,,,,,,,,,,,
,,,,,,,5,,,,,,,R27,12,68,,R27,181,66.5,215,74,211,72.5,,,,,,,,,,,,,,,,,,,,,,,,,,
,,,,,,,3.5,,,,,,,R28,3,30.5,,R28,164,68,137,64.5,169,68,,,,,,,,,,,,,,,,,,,,,,,,,,
,,,,,,,10,,,,,,,R29,7.5,28,,R29,205,69,130,72,,,,,,,,,,,,,,,,,,,,,,,,,,,,
,,,,,,,6,,,,,,,R30,12,2,,R30,,,,,,,,,,,,,,,,,,,,,,,,,,,,,,,,
,,,,,,,5.5,,,,,,,R31,9,37.5,,R31,152,60.5,177,67.5,,,,,,,,,,,,,,,,,,,,,,,,,,,,
,,,,,,,12,19,4.5,,,,,R32,7,24,,R32,186,70,,,,,,,,,,,,,,,,,,,,,,,,,,,,,,
,,,50,72,6.5,43,35.5,26.5,6,13,6.5,,,R33,7,23,,R33,167,67.5,175,72,,,,,,,,,,,,,,,,,,,,,,,,,,,,
,,,,,,,,,,,6.5,,,R34,8,48,,R34,184,63.5,111,61.5,102,62.5,,,,,,,,,,,,,,,,,,,,,,,,,,
,,,,,,,,,7,25,10.5,,,R35,9,38,,R35,242,73.5,227,66.5,,,,,,,,,,,,,,,,,,,,,,,,,,,,
,,,,,,,,,,,3.5,,,R36,11,43,,R36,193,71,205,70.5,,,,,,,,,,,,,,,,,,,,,,,,,,,,
,,,,,,,,,,,11,,,R37,8,36,,R37,219,75,164,64,,,,,,,,,,,,,,,,,,,,,,,,,,,,
,,,,,,,,,,,8,,,R38,7,2.5,,R38,216,71,,,,,,,,,,,,,,,,,,,,,,,,,,,,,,
,,,,,,,,,,,12,,,R39,14,42,,R39,184,67,163,69,198,68,171,64,,,,,,,,,,,,,,,,,,,,,,,,
,,,,,,,,,,,3.5,,,R40,14,63,,R40,204,71,236,69.5,171,67,,,,,,,,,,,,,,,,,,,,,,,,,,
,,,,,20,32,39,22,4.5,,,,,R41,9.5,44,,R41,145,63,190,72,202,72,,,,,,,,,,,,,,,,,,,,,,,,,,
,,,,,,,,,11.5,,,,,R42,9,46,,R42,206,71.5,188,68.5,186,70,,,,,,,,,,,,,,,,,,,,,,,,,,
,,,,,,,,,7,,,,,R43,10.5,69,,R43,181,69,205,74.5,214,73,190,70.5,,,,,,,,,,,,,,,,,,,,,,,,
,,,,,,,,,6.5,,,,,R44,13,79,,R44,168,69.5,180,73.5,199,72,201,71,,,,,,,,,,,,,,,,,,,,,,,,
,,,,,,,,,5.5,,,,,R45,14,78,,R45,149,60.5,237,77,200,75,191,65.5,,,,,,,,,,,,,,,,,,,,,,,,
,,,,,7,17,5,,,,,,,R46,8,51,,R46,180,69.5,215,73,202,71.5,,,,,,,,,,,,,,,,,,,,,,,,,,
,,,,,18,32,3,,,,,,,R47,7,24,,R47,164,62,,,,,,,,,,,,,,,,,,,,,,,,,,,,,,
,,30,104,15,2,,,,,,,,,R48,8,69.5,,R48,176,70.5,150,68,140,65,,,,,,,,,,,,,,,,,,,,,,,,,,
,,,24,20,7,,,,,,,,,R49,5.5,24.5,,R49,159,66.5,,,,,,,,,,,,,,,,,,,,,,,,,,,,,,
,,,,,9.5,,,,,,,,,R50,4.5,21,,R50,160,67,154,67,,,,,,,,,,,,,,,,,,,,,,,,,,,,
,,,,,14,10,7,,,,,,,R51,6.5,34,,R51,183,69,151,68,147,65,,,,,,,,,,,,,,,,,,,,,,,,,,
,,,,,,,3,,,,,,,R52,5,22.5,,R52,177,69,171,68.5,123,58.5,,,,,,,,,,,,,,,,,,,,,,,,,,
,,,18,80,9.5,21,30,,,,,,,R53,13,98,,R53,157,63,215,77.5,214,67.5,,,,,,,,,,,,,,,,,,,,,,,,,,
,,,,,,,-11,,,,,,,R54,12.5,69.5,,R54,150,69.5,169,67,133,61,146,64,,,,,,,,,,,,,,,,,,,,,,,,
,,,,,5,25,6.5,15,23,,,,,R55,4,30,,R55,201,71.5,117,60.5,,,,,,,,,,,,,,,,,,,,,,,,,,,,
,,,,,,,,,,11,15,7,5,R56,6,19,,R56,118,63.5,117,60.5,,,,,,,,,,,,,,,,,,,,,,,,,,,,
,,,,,13,4.5,17,45,17,11.5,10,,,R57,5.5,34,,R57,169,67,165,65.5,,,,,,,,,,,,,,,,,,,,,,,,,,,,
,,,,,,,,,,,4.5,,,R58,7.5,54,,R58,177,67.5,,,,,,,,,,,,,,,,,,,,,,,,,,,,,,
,,,,,,,4,,,,,,,R59,11,90,,R59,142,59.5,174,65.5,201,64.5,169,65.5,218,67,,,,,,,,,,,,,,,,,,,,,,
,,,,,,,9,26.5,8,,,,,R60,17,104,,R60,178,63.5,220,67,178,70,200,78.5,238,74.5,,,,,,,,,,,,,,,,,,,,,,
,,,,,,,,,11,,,,,R61,10,67.5,,R61,153,63,139,65,180,66,,,,,,,,,,,,,,,,,,,,,,,,,,
,,,,,,,,,5,12,4,12,4,R62,9,48,,R62,249,62.5,209,72,181,66.5,,,,,,,,,,,,,,,,,,,,,,,,,,
,,,,,,,,,7,32,12.5,25,6,R63,18,87,,R63,199,70,156,65.5,196,68.5,164,61,,,,,,,,,,,,,,,,,,,,,,,,
,,,,,,,,,,,,,7,R64,18,78.5,,R64,197,67.5,204,72.5,225,73.5,199,69,,,,,,,,,,,,,,,,,,,,,,,,
,,37,86,36,6,16.5,14,,,,,,,R65,5.5,28,,R65,155,64,130,61,,,,,,,,,,,,,,,,,,,,,,,,,,,,
,,,,,,,24.5,8,5.5,,,,,R66,6,23,,R66,128,63,,,,,,,,,,,,,,,,,,,,,,,,,,,,,,
,,,,,27,,,,,,,,,R67,6.5,57,,R67,147,64.5,134,61.5,,,,,,,,,,,,,,,,,,,,,,,,,,,,
,,,,,33,,,,,,,,,R68,13,97,,R68,200,71,159,64,172,66.5,,,,,,,,,,,,,,,,,,,,,,,,,,
,,,,,6,,,,,,,,,R69,5,32,,R69,170,68,140,62.5,,,,,,,,,,,,,,,,,,,,,,,,,,,,
,,,,,25,16,11,,,,,,,R70,8.5,60,,R70,140,63,141,72.5,129,59,,,,,,,,,,,,,,,,,,,,,,,,,,
,,,20,55,26,,,,,,,,,R71,7,20,,R71,171,68,,,,,,,,,,,,,,,,,,,,,,,,,,,,,,
,,,,,9,,,,,,,,,R72,9,57,,R72,172,68.5,122,57.5,,,,,,,,,,,,,,,,,,,,,,,,,,,,
,,,,,19.5,,,,,,,,,R73,10,61.5,,R73,141,62,151,64.5,136,59.5,,,,,,,,,,,,,,,,,,,,,,,,,,
,,,,,11,21,12,,,,,,,R74,9.5,54,,R74,173,68,153,64,,,,,,,,,,,,,,,,,,,,,,,,,,,,
,,,,,,,10,,,,,,,R75,5,21,,R75,132,59.5,,,,,,,,,,,,,,,,,,,,,,,,,,,,,,
,,,,,,,9.5,,,,,,,R76,5.5,11,,R76,124,63,,,,,,,,,,,,,,,,,,,,,,,,,,,,,,
,,,,,,,14.5,,,,,,,R77,15.5,26,,R77,137,60.5,169,64.5,,,,,,,,,,,,,,,,,,,,,,,,,,,,
,,,50,45,17.5,23.5,2.5,9,13,5,6,,,R78,4,10,,R78,137,64.5,,,,,,,,,,,,,,,,,,,,,,,,,,,,,,
,,,,,,,2,17.5,20,,,,,R79,6,40.5,,R79,148,64,176,68.5,170,67,,,,,,,,,,,,,,,,,,,,,,,,,,
,,,,,,,,,8,,,,,R80,6.5,43,,R80,160,64,143,62.5,116,58,,,,,,,,,,,,,,,,,,,,,,,,,,
,,,,,70,22,6,17.5,5,,,,,R81,9.5,78,,R81,156,68,142,64,122,59,,,,,,,,,,,,,,,,,,,,,,,,,,
,,,,,16,18,5,7.5,9,,,,,R82,8,27,,R82,164,64.5,162,69,,,,,,,,,,,,,,,,,,,,,,,,,,,,
,,,,,19,20,16.5,6.5,6,,,,,R83,5,24,,R83,144,63,143,62,,,,,,,,,,,,,,,,,,,,,,,,,,,,
,,,,,,,,,34,11.5,5,,,R84,8.5,47,,R84,192,69.5,190,70,201,71.5,,,,,,,,,,,,,,,,,,,,,,,,,,
,,,,,2,25,3.5,13,4.5,,,,,R85,7,44,,R85,175,65.5,150,72,122,58,,,,,,,,,,,,,,,,,,,,,,,,,,
,,,,,,,,,16.5,,,,,R86,10,78,,R86,137,63,162,66,178,67,147,59,152,65,,,,,,,,,,,,,,,,,,,,,,
,,,24,19,12,10.5,2,,,,,,,R87,6,43,,R87,175,68,202,69,150,64,,,,,,,,,,,,,,,,,,,,,,,,,,
,,,,,9,14,10,,,,,,,R88,7.5,43,,R88,148,64,140,62,209,71.5,,,,,,,,,,,,,,,,,,,,,,,,,,
,,,71,14,6.5,,,,,,,,,R89,8,46,,R89,151,71,191,70,170,67,,,,,,,,,,,,,,,,,,,,,,,,,,
,,,5,38,10.5,24,25,,,,,,,R90,15,109,,R90,203,68,214,73,211,69,212,69,,,,,,,,,,,,,,,,,,,,,,,,
,,,,,,,,9,4.5,,,,,R91,7.5,62,,R91,265,72,196,70,201,71,190,68.5,,,,,,,,,,,,,,,,,,,,,,,,
,,,,,,,,,12,24,8,6.5,6,R92,6,25,,R92,,,,,,,,,,,,,,,,,,,,,,,,,,,,,,,,
,,,,,,,,,,,4.5,15,5,R93,12,71,,R93,159,64.5,176,67,189,69,193,68,,,,,,,,,,,,,,,,,,,,,,,,
,,,,,,,,,,,20,,,R94,6,31,,R94,129,63.5,148,65,,,,,,,,,,,,,,,,,,,,,,,,,,,,
,,,,,,,,,,,7.5,19,4,R95,15,83,,R95,285,79,215,70,199,67,245,73,198,68.5,,,,,,,,,,,,,,,,,,,,,,
,,,10,69,22,38,7,,,,,,,R96,10,44,,R96,188,70,179,71,188,67.5,181,69.5,,,,,,,,,,,,,,,,,,,,,,,,
,,,,,,,4,35,3.5,,,,,R97,17,100,,R97,179,71,186,70,189,66.5,222,71.5,214,72.5,,,,,,,,,,,,,,,,,,,,,,
,,,,,,,,,10.5,,,,,R98,5,26.5,,R98,251,77.5,,,,,,,,,,,,,,,,,,,,,,,,,,,,,,
,,,,,,,,,8.5,,,,,R99,14.5,63,,R99,256,78.5,152,72,170,67,,,,,,,,,,,,,,,,,,,,,,,,,,
,,,,,,,,,4,,,,,R100,9,38,,R100,179,64.5,203,70,,,,,,,,,,,,,,,,,,,,,,,,,,,,
,,,,,,,,,18.5,,,,,R101,20,86,,R101,179,65.5,160,65,,,,,,,,,,,,,,,,,,,,,,,,,,,,
,,32.5,13,,,,,,,,,,,R102,8,3,,R102,194,69,,,,,,,,,,,,,,,,,,,,,,,,,,,,,,
,,,3,22,6,18,33.5,,,,,,,R103,8,40,,R103,189,71.5,137,61.5,161,69,,,,,,,,,,,,,,,,,,,,,,,,,,
,,,,,,,5,,,,,,,R104,7,80,,R104,167,66.5,163,66.5,131,61,181,70,,,,,,,,,,,,,,,,,,,,,,,,
,,,,,,,5.5,,,,,,,R105,6.5,37.5,,R105,143,64.5,133,60,141,63,,,,,,,,,,,,,,,,,,,,,,,,,,
,,,,,,,10,,,,,,,R106,7,73,,R106,169,69.5,156,65.5,135,64,142,67,,,,,,,,,,,,,,,,,,,,,,,,
,,,,,,,5.5,,,,,,,R107,6.5,47,,R107,146,64,144,63.5,161,67.5,,,,,,,,,,,,,,,,,,,,,,,,,,
,,,,,,,5.5,,,,,,,R108,11,40,,R108,191,71.5,198,72.5,165,72.5,,,,,,,,,,,,,,,,,,,,,,,,,,
,,,19,10,4.5,,,,,,,,,R109,6.5,2,,R109,177,66,,,,,,,,,,,,,,,,,,,,,,,,,,,,,,
,,,,,2.5,,,,,,,,,R110,6,43,,R110,163,65.5,164,64.5,,,,,,,,,,,,,,,,,,,,,,,,,,,,
,,,60,81,5,55,7.5,11.5,7.5,,,,,R111,5.5,42,,R111,175,70,216,73,220,74,,,,,,,,,,,,,,,,,,,,,,,,,,
,,,,,,,32,38,5,23,4.5,,,R112,9,60,,R112,162,65.5,158,66.5,169,67,140,65,,,,,,,,,,,,,,,,,,,,,,,,
,,,,,,,,,,,13.5,,,R113,16.5,91,,R113,146,63,153,62,141,66.5,240,75,,,,,,,,,,,,,,,,,,,,,,,,
,,,,,,,,,,,7,,,R114,10,63,,R114,206,72,139,63.5,200,71,215,73,,,,,,,,,,,,,,,,,,,,,,,,
,,,,,,,,,15,,,,,R115,8.5,52,,R115,217,73.5,223,71.5,179,78.5,,,,,,,,,,,,,,,,,,,,,,,,,,
,,,,,,,,,2,24,11.5,,,R116,9,40,,R116,236,72,189,70,,,,,,,,,,,,,,,,,,,,,,,,,,,,
,,,,,,,,,,,7,,,R117,10.5,35,,R117,223,73.5,212,72.5,209,73,245,75.5,215,72,,,,,,,,,,,,,,,,,,,,,,
,,,,,,,,,,,4.5,,,R118,6.5,31,,R118,181,67,158,71.5,,,,,,,,,,,,,,,,,,,,,,,,,,,,
,,,,,,,,,,,22.5,,,R119,8,39,,R119,170,58,141,61,,,,,,,,,,,,,,,,,,,,,,,,,,,,
,,,,,,,,,,,8,,,R120,6,28.5,,R120,191,68.5,181,70,202,73,,,,,,,,,,,,,,,,,,,,,,,,,,
,,,,,,,,,,,15,,,R121,14.5,59,,R121,171,65,161,64.5,,,,,,,,,,,,,,,,,,,,,,,,,,,,
,,,,,7,49,32,15,19.5,,,,,R122,10,39,,R122,190,67,161,59,207,71,,,,,,,,,,,,,,,,,,,,,,,,,,
,,,,,,,,,12,7.5,4,,,R123,4,18,,R123,197,69,203,72,,,,,,,,,,,,,,,,,,,,,,,,,,,,
,,,,,,,,,,,3.5,,,R124,6.5,36,,R124,199,69.5,203,71,,,,,,,,,,,,,,,,,,,,,,,,,,,,
,,,,,,,1,,,,,,,R125,8.5,58,,R125,219,73,152,69,170,67,,,,,,,,,,,,,,,,,,,,,,,,,,
,,,,,,,16,20,4.5,,,,,R126,8.5,38,,R126,180,70,174,71.5,200,68,,,,,,,,,,,,,,,,,,,,,,,,,,
,,,,,,,27,,,,,,,R127,11,56,,R127,208,71,194,70,201,69.5,,,,,,,,,,,,,,,,,,,,,,,,,,
,,,,,,,10.5,,,,,,,R128,12,46.5,,R128,225,71.5,230,75.5,189,67.5,,,,,,,,,,,,,,,,,,,,,,,,,,
,,,,,7,16,7,,,,,,,R129,13.5,55,,R129,216,71.5,213,80,202,69,,,,,,,,,,,,,,,,,,,,,,,,,,
Diam,Long,Diam,Long,Diam,Long,Diam,Long,Diam,Long,Diam,Long,Diam,Long,N° ram,Long,,,N° ram,Poids,Long,Poids,,Poids,Diam,Poids,Diam,Poids,Diam,Poids,Diam,Poids,Diam,Poids,Diam,Diam,Diam, v,Diam,Diam,Diam,,,,,,,,,,
64.5,54.5,38,50,26.5,5,,,,,,,,,R1,,,,R1,110,92,108,,113,59,,58.5,,60,,,,,,,,,,16,,,,,,,,,,,,
,,,,,0,15,16,10,10.5,8.5,2,,,R2,,,,R2,120,25,115,,111,60,,59,,57,,,,,,,,,,4,,,,,,,,,,,,
,,,,,,,,,25,5.5,6,,,R3,,,,R3,125,17.5,139,,,61,,61.5,,,,,,,,,,,,4.5,,,,,,,,,,,,
,,,,,,,,,4.5,5.5,7,,,R4,,,,R4,116,34.5,118,,135,63,,62,,63.5,,,,,,,,,,4.5,,,,,,,,,,,,
,,,32,14.5,17,,,,,,,,,R5,,,,R5,36,64,28,,,42,,40,,,,,,,,,,,,6.5,,,,,,,,,,,,
,,,,,6,,,,,,,,,R6,,,,R6,25,34,,,,39,,,,,,,,,,,,,,5,,,,,,,,,,,,
,,,,,4.5,,,,,,,,,R7,,,,R7,61,61,46,,,52.5,,50.5,,,,,,,,,,,,6.5,,,,,,,,,,,,
,,,12.5,24,7.5,14,5.5,,,,,,,R8,,,,R8,129,15,133,,,63,,62.5,,,,,,,,,,,,4.5,,,,,,,,,,,,
,,,,,,,38.5,,,,,,,R9,,,,R9,118,44.5,136,,151,59.5,,64,,64,,,,,,,,,,7.5,,,,,,,,,,,,
,,,,,,,13.5,,,,,,,R10,,,,R10,63,45,67,,,54,,42,,,,,,,,,,,,6,,,,,,,,,,,,
,,,,,,,7,,,,,,,R11,,,,R11,155,46.5,160,,142,67,,64,,62.5,,,,,,,,,,7,,,,,,,,,,,,
,,,11,54.5,6,36,9,24,25,,,,,R12,,,,R12,165,86,170,,156,68,147,61,,65,,68,,,,,,,,8,,,,,,,,,,,,
,,,,,,,,,4,,,,,R13,,,,R13,161,60,133,,139,66,,59.5,,62,,,,,,,,,,7,,,,,,,,,,,,
,,,,,,,,,14,,,,,R14,,,,R14,133,48,159,,145,62,,64,,62.5,,,,,,,,,,6,,,,,,,,,,,,
,,,,,,,,,4,,,,,R15,,,,R15,145,79,173,,156,63.5,171,67,,65.5,,68,,,,,,,,11,,,,,,,,,,,,
,,,,,,,40,9.5,10,,,,,R16,20,,,R16,138,38.5,145,,127,64.5,,63.5,,62,,,,,,,13,,,4.5,,,,,,,,,,,,
,,,,,,,,,3.5,,,,,R17,,,,R17,144,51,171,,136,65,,68,,64,,,,,,,,,,6,,,,,,,,,,,,
,,,,,,,8.5,14,5,,,,,R18,,,,R18,129,65.5,146,,,63,,65,,,,,,,,,,,,7,,,,,,,,,,,,
,,,,,,,,17,7,,,,,R19,,,,R19,133,79,148,,153,62,,66,,68,,,,,,,,,,10.5,,,,,,,,,,,,
,,,38,56.5,69,34,22,20,20,,,,,R20,,,,R20,163,26,133,,,65,,59,,,,,,,,,,,,5.5,,,,,,,,,,,,
,,,,,,,,,10,,,,,R21,,,,R21,142,34.5,137,,126,64.5,,62.5,,61.5,,,,,,,,,,11,,,,,,,,,,,,
,,,,,,,,,3,,,,,R22,,,,R22,173,63,145,,158,69.5,,62.5,,60,,,,,,,,,,11.5,,,,,,,,,,,,
,,,,,,49,45,22.5,2,,,,,R23,,,,R23,146,34,159,,177,63,,65,,64,,,,,,,,,,6,,,,,,,,,,,,
,,,,,,,,,32.5,,,,,R24,,,,R24,154,45,184,,201,58.5,,69,,70.5,,,,,,,,,,7,,,,,,,,,,,,
,,,,,,,,,4,,,,,R25,,,,R25,161,40,197,,173,65,,69,,68,,,,,,,,,,4.5,,,,,,,,,,,,
,,,,,,,,,4,,,,,R26,,,,R26,177,74,186,,209,62,182,64,,69,,65,,,,,,,,9,,,,,,,,,,,,
,,,,,,,,,5,,,,,R27,,,,R27,166,67,179,,,60,,67,,,,,,,,,,,,12,,,,,,,,,,,,
,,,,,,,,,5,,,,,R28,,,,R28,163,63,160,,152,65,,64,,63.5,,,,,,,,,,8,,,,,,,,,,,,
,,,,,,,,,4.5,,,,,R29,,,,R29,190,82,201,,209,69,176,70.1,,71,,66,,,,,,,,11.5,,,,,,,,,,,,
,,,,,,,,,3,,,,,R30,,,,R30,173,71,178,,170,56,,67,,63.5,,,,,,,,,,7,,,,,,,,,,,,
,,,,,,,,,4,,,,,R31,,,,R31,201,32,133,,180,71.5,188,61.5,,70,,70.5,,,,,,,,9.5,,,,,,,,,,,,
,,,,,,,,12.5,7,,,,,R32,,,,R32,223,22,188,,,69,,67,,,,,,,,,,,,10,,,,,,,,,,,,
,,,,,,,,,10,,,,,R33,,,,R33,172,59,195,,154,68,,69.5,,65,,,,,,,,,,11,,,,,,,,,,,,
,,,,,,,,,6,,,,,R34,,,,R34,158,47,173,,151,67,129,68,,64.5,,59.5,,,,,,,,11.5,,,,,,,,,,,,
,,,,,,,,,34,37,,,,R35,,,Remarque,R35,186,45.5,193,,,66.5,,68,,,,,,,,,,,,11.5,,,,,,,,,,,,
,,,,,,,,,,,,,,R36,,,,R36,176,82,198,,171,54,,66.5,,63.5,,,,,,,,,,21,,,,,,,,,,,,
,,,36,72,40,11,15,,,,,,,R37,,,,R37,169,60,173,,140,62,152,64,,63,,61,,,,,,,,8,,,,,,,,,,,,
,,,,,2,34,38,,,,,,,R38,,,,R38,170,92,193,,203,63.5,116,67,,69,,59.5,,,,,,,,11,,,,,,,,,,,,
,,,,,,75,25,68,14,11,23,,,R39,,,,R39,177,53,164,,150,66.8,157,64.5,,64.5,,66,,,,,,,,8,,,,,,,,,,,,
,,,,,,,,,,,5.5,,,R40,,,,R40,166,24.5,188,,154,67.5,,65.5,,62.5,,,,,,,,,,6.5,,,,,,,,,,,,
,,,,,,,,,,,14.5,,,R41,,,,R41,183,45,181,,197,70,,69,,70,,,,,,,,,,15,,,,,,,,,,,,
,,,,,,,,,,,4,,,R42,,,,R42,159,38,153,,187,65,172,64,,67,,67,,,,,,,,9.5,,,,,,,,,,,,
,,,,,,,,,15,,,,,R43,,,,R43,153,59.5,175,,190,63,,64,,67,,,,,,,,,,9.5,,,,,,,,,,,,
,,,,,,,,,53,,,,,R44,,,,R44,175,11.5,144,,,67,,63,,,,,,,,,,,,5,,,,,,,,,,,,
,,,,,,,,,13.5,,,,,R45,,,,R45,145,25,178,,141,63,,69,,66.5,,,,,,,,,,9,,,,,,,,,,,,
,,,,,,,,,3.5,,,,,R46,,,,R46,201,40,188,,223,68,193,66,,69,,67,,,,,,,,10.5,,,,,,,,,,,,
0,,,,,,,,50.5,60,20.5,12,,,R47,,,,R47,,24.5,,,,,,,,,,,,,,,,,,5.5,,,,,,,,,,,,
,,,,,,,,,,,10,,,R48,,,,R48,,14,,,,,,,,,,,,,,,,,,10,,,,,,,,,,,,
,,,,,,,,,,,65,,,R49,,,,R49,192,49,203,,214,69.5,,68,,73,,,,,,,,,,7.5,,,,,,,,,,,,
,,,,,,,,,,,-4,,,R50,,,,R50,211,34,173,,,68,,66.5,,,,,,,,,,,,10.5,,,,,,,,,,,,
,,,,,,,,,4,,,,,R51,,,,R51,185,60,217,,157,66,,69,,62,,,,,,,,,,16,,,,,,,,,,,,
,,83,111,27,16,19,1,,,,,,,R52,,,,R52,202,68,199,,163,68.5,187,68,,65,,66.5,,,,,,,,7,,,,,,,,,,,,
,,,,,,23,3,14,13.5,,,,,R53,,,,R53,223,71,229,,198,69,182,71,,70.5,,68,,,,,,,,6,,,,,,,,,,,,
,,,,,,,,,19.5,,,,,R54,,,,R54,187,46,197,,181,67,145,71.5,,69,,67,,,,,,,,5,,,,,,,,,,,,
,,,,,,,,,4,,,,,R55,,,,R55,214,62,201,,193,69,,70,,66,,,,,,,,,,5.5,,,,,,,,,,,,
,,,,,,,,,19.5,,,,,R56,,,,R56,189,34.5,192,,141,65.5,,71,,64.5,,,,,,,,,,5,,,,,,,,,,,,
,,,,,,,,,4.5,,,,,R57,,,,R57,160,62,186,,158,65,,68,,63,,,,,,,,,,6,,,,,,,,,,,,
,,,,,,8,0.5,,,,,,,R58,,,,R58,205,125,193,,155,69.5,,67,,63,,,,,,,,,,8,,,,,,,,,,,,
,,,33,32,25.5,15,2,,,,,,,R59,,,,R59,176,57,183,,143,62,,64,,62,,,,,,,,,,8,,,,,,,,,,,,
,,,,,,14.5,4,8.5,5,,,,,R60,,,,R60,226,63.5,203,,198,72,176,70.5,124,70,,68,,65,,,,,,6,,,,,,,,,,,,
,,,,,,,,,6.5,,,,,R61,,,,R61,159,27,173,,203,62.5,,73,,72.5,,,,,,,,,,3.5,,,,,,,,,,,,
,,,43,43,49,55,12,34,0.5,6.5,6,,,R62,,,,R62,218,25.5,209,,176,69,,66.5,,62.5,,,,,,,,,,6,,,,,,,,,,,,
,,,,,,,,,10.5,11.5,2,,,R63,,,,R63,144,61.5,173,,,65,,67,,,,,,,,,,,,6.5,,,,,,,,,,,,
,,,,,,,,,9,15,4,,,R64,,,,R64,193,78,172,,,68,,65,,,,,,,,,,,,7,,,,,,,,,,,,
,,,,,,,,,9,12.5,11.5,12,-9,R65,,,,R65,149,19,168,,226,60,198,64.5,,70,,69,,,,,,,,4,,,,,,,,,,,,
,,,,,,,,,,,,,5,R66,,,,R66,200,62,199,,196,69,,68,,69,,,,,,,,,,7,,,,,,,,,,,,
,,,,,,,,,8,14.5,4,,,R67,,,,R67,214,4,187,,,70,,67,,,,,,,,,,,,5,,,,,,,,,,,,
,,,,,,,,,,,12,,,R68,,,,R68,135,74,124,,161,62,,64,,65,,,,,,,,,,9,,,,,,,,,,,,
,,,,,,,,,,,2.5,12,,R69,,,,R69,135,50,166,,,63.5,,65,,,,,,,,,,,,7,,,,,,,,,,,,
,,100,66,18,6,11,15,11.5,4,,,,,R70,,,,R70,154,72,172,,,62.5,,67,,,,,,,,,,,,6,,,,,,,,,,,,
,,,,,,,,,8,,,,,R71,,,,R71,135,44,132,,156,61,,62,,65,,,,,,,,,,6.5,,,,,,,,,,,,
,,,62,50.5,11,10,14,,,,,,,R72,,,,R72,130,63,175,,179,62,186,68,,67,,66.5,,,,,,,,7,,,,,,,,,,,,
,,,,,,,4,,,,,,,R73,,,,R73,139,75,207,,164,62,,68,,65,,,,,,,,,,8.5,,,,,,,,,,,,
,,,,,,,13,12.5,14.5,,,,,R74,,,,R74,144,65,150,,,66,,67,,,,,,,,,,,,10,,,,,,,,,,,,
,,,,,,,,,3.5,,,,,R75,,,,R75,132,39,116,,,65,,61,,,,,,,,,,,,8,,,,,,,,,,,,
,,,,,,,,,35,42,10,,,R76,,,,R76,148,48,144,,135,66,152,63,,64,,63.5,,,,,,,,5.5,,,,,,,,,,,,
,,,,,,,,,,,14,30.5,15.5,R77,,,,R77,192,48,161,,134,66.5,,66.5,,66,,,,,,,,,,7.5,,,,,,,,,,,,
,,,,,,,,,,,,,17,R78,7,,,R78,120,28,169,,173,60,,68.5,,65,,,,,,,24,9,2.5,7.5,,,,,,,,,,,,
,,,,,,,,,,,,,,R79,10,,,R79,240,73,209,,189,68.5,,67,,66,,,,,,,,,,9,,,,,,,,,,,,
,,,,,,,,,,,,,,R80,7,,,R80,126,67,182,,,61,,68,,,,,,,,,,,,7.5,,,,,,,,,,,,
,,,,,,,,,,,,,,R81,3.5,,,R81,174,81,148,,173,67,,64.5,,68,,,,,,,,,,13.5,,,,,,,,,,,,
,,,9,30.5,61,,,,,,,,,R82,,,,R82,180,85,205,,199,70,186,72.5,,71,,68,,,,,,,,9.5,,,,,,,,,,,,
,,,,,5,21,8,7,5.5,,,,,R83,,,,R83,147,43.5,168,,147,65,,65,,64,,,,,,,,,,7,,,,,,,,,,,,
,,,,,,,,,3,,,,,R84,,,,R84,165,74,124,,148,68,,64,,66,,,,,,,,,,10.5,,,,,,,,,,,,
,,,,,,,,,17,,,,,R85,,,,R85,139,69,157,,166,64,,68.5,,69,,,,,,,,,,9.5,,,,,,,,,,,,
,,,,,,,,,4,,,,,R86,,,,R86,129,30,155,,163,63,134,67,,70,,61,,,,,,,,7,,,,,,,,,,,,
,,,,,,,,,18,,,,,R87,,,,R87,162,10.5,147,,169,64,138,63,,68.5,,61,,,,,,,,7,,,,,,,,,,,,
,,,,,,,,,4,,,,,R88,,,,R88,142,44,169,,173,61.5,,68,,70,,,,,,,,,,10,,,,,,,,,,,,
,,,57,75,9,,,,,,,,,R89,,,,R89,129,94,145,,,62,,63.5,,,,,,,,,,,,9.5,,,,,,,,,,,,
,,,,,0,,,,,,,,,R90,,,,R90,160,116,184,,130,71,,78,,65,,,,,,,,,,10.5,,,,,,,,,,,,
,,,,,23,18,15,,,,,,,R91,,,,R91,153,36,108,,,66,,59,,,,,,,,,,,,5,,,,,,,,,,,,
,,,,,,,20.5,,,,,,,R92,,,,R92,144,83,217,,201,64.5,175,72.5,168,70,,68.5,,65,,,,,,9,,,,,,,,,,,,
,,,,,4,19,4.5,,,,,,,R93,,,,R93,120,45,116,,,69,,67.5,,,,,,,,,,,,7,,,,,,,,,,,,
,,,,,,,9,,,,,,,R94,,,,R94,157,40,145,,188,69,,61.5,,70,,,,,,,,,,5.5,,,,,,,,,,,,
,,,,,,,10,,,,,,,R95,,,,R95,162,38,163,,184,63,,65.5,,65.5,,,,,,,,,,7.5,,,,,,,,,,,,
,,,,,,,12,,,,,,,R96,,,,R96,207,80,175,,160,69.5,,68.5,,65,,,,,,,,,,9,,,,,,,,,,,,
,,,,,,,6,,,,,,,R97,,,,R97,179,13,159,,,68.5,,62.5,,,,,,,,,,,,7.5,,,,,,,,,,,,
,,,,,,,6,,,,,,,R98,,,,R98,164,56,178,,156,66,,64,,64,,,,,,,,,,7.5,,,,,,,,,,,,
,,,,,26,,,,,,,,,R99,,,,R99,173,67,137,,,62,,64,,,,,,,,,,,,9,,,,,,,,,,,,
,,,,,18.5,,,,,,,,,R100,,,,R100,147,39,205,,213,64.5,181,68.5,,71.5,,67,,,,,,,,7.5,,,,,,,,,,,,
,,,,,11,,,,,,,,,R101,,,,R101,166,39,118,,,67,,59,,,,,,,,,,,,7,,,,,,,,,,,,
,,,,,6.5,,,,,,,,,R102,,,,R102,136,87,168,,139,69.5,,70,,35,,,,,,,,,,12,,,,,,,,,,,,
,,,,,9.5,,,,,,,,,R103,,,,R103,109,63,181,,199,55,,65,,68,,,,,,,,,,11,,,,,,,,,,,,
,,,30.5,105.5,27,68,11,,,,,,,R104,,,,R104,176,74.5,203,,218,62.5,177,66.5,,68.5,,69,,,,,,,,7.5,,,,,,,,,,,,
,,,,,,51,12.5,9,12,,,,,R105,,,,R105,203,44,246,,207,72.5,196,74.5,,71,,70,,,,,,,,8,,,,,,,,,,,,
,,,,,,,23,27,16,,,,,R106,,,,R106,,14,,,,,,,,,,,,,,,,,,11,,,,,,,,,,,,
,,,,,,,,,20,,,,,R107,,,,R107,155,24.5,197,,164,62,,68,,65,,,,,,,,,,5.5,,,,,,,,,,,,
,,,,,,,,,10.5,,,,,R108,,,,R108,153,18.5,209,,178,67,,62.5,,62,,,,,,,,,,7.5,,,,,,,,,,,,
,,,,,,,,,5.5,,,,,R109,,,,R109,168,38,,,,62,,,,,,,,,,,,,,13,,,,,,,,,,,,
,,,,,,,,,6,,,,,R110,,,,R110,157,81,157,,,60,,64.5,,,,,,,,,,,,17,,,,,,,,,,,,
,,,,,,,4,,,,,,,R111,,,,R111,188,37,143,,,65,,61.5,,,,,,,,,,,,5,,,,,,,,,,,,
,,,,,,,,34,8,30,6.5,,,R112,,,,R112,183,30.5,156,,191,66.5,,60,,68,,,,,,,,,,10.5,,,,,,,,,,,,
,,,,,,,,,,,11,,,R113,,,,R113,189,102.5,205,,189,65.5,176,67.5,,60,,62,,,,,,,,5,,,,,,,,,,,,
,,,,,,,,,,,9,23,4,R114,,,,R114,169,41,198,,177,64,,67,,65.5,,,,,,,,,,6.5,,,,,,,,,,,,
,,,,,,,,,,,,,5,R115,,,,R115,189,120,206,,186,66.8,,72.5,,69,,,,,,,,,,17,,,,,,,,,,,,
,,,,,,,,,,,4,21,6,R116,,,,R116,153,34,172,,203,61,,65,,65,,,,,,,,,,9.5,,,,,,,,,,,,
,,,,,,,,,,,,,4,R117,12,,,R117,204,50,168,,196,69.5,,65,,69,,,,,,,15.5,,,8,,,,,,,,,,,,
,,,,,,,,,,,,,,R118,6,,,R118,208,72,177,,200,67.5,226,61.5,,68,,72,,,,,,,,13.5,,,,,,,,,,,,
,,,,,,,,72,22,33,24,,,R119,,,,R119,162,89,197,,181,62.5,,64.5,,63,,,,,,,,,,13,,,,,,,,,,,,
,,,,,,,,,,,8,,,R120,,,,R120,176,20.5,187,,153,61.5,127,63.5,147,68,,64,,62,,,,,,11.5,,,,,,,,,,,,
,,,,,,,,,,,21,,,R121,,,,R121,181,47,200,,172,63.5,186,65,,63,,65,,,,,,,,10.5,,,,,,,,,,,,
,,,,,,,,,,,,,3,R122,7.5,,,R122,185,33.5,186,,154,62.5,214,66.5,,69,,67,,,,,6.5,,,8,,,,,,,,,,,,
,,,,,,,,,,,4.5,26.5,6,R123,,,,R123,148,52,187,,,66.5,,69,,,,,,,,,,,,18.5,,,,,,,,,,,,
,,,,,,,,,,,,,2,R124,,,,R124,165,22,192,,229,62.5,,68.5,,72,,,,,,,,,,7.5,,,,,,,,,,,,
,,,,,,,,,,,,,5.5,R125,,,,R125,209,132,219,,178,70.5,,72.5,,68,,,,,,,,,,14,,,,,,,,,,,,
,,98.5,129,30.5,9.5,22,18,20.5,4.5,,,,,R126,,,,R126,166,69,150,,176,66.5,,61,,66,,,,,,,,,,6,,,,,,,,,,,,
,,,,,,,,,,10,22.4,,,R127,,,,R127,145,39.5,166,,,54,,60,,,,,,,,,,,,5.5,,,,,,,,,,,,
,,,,,,,,,,,9,,,R128,,,,R128,185,42,171,,181,69,150,65,,66,,61,,,,,,,,5.5,,,,,,,,,,,,
,,,,,,,,,,,7,,,R129,,,,R129,179,31,180,,204,68,,68,,70,,,,,,,,,,5,,,,,,,,,,,,
,,,,,,,,,,6.5,16.5,,,R130,,,,R130,151,70,149,,,63,,62,,,,,,,,,,,,10,,,,,,,,,,,,
,,,,,,,,,,,6,,,R131,,,,R131,198,34,176,,148,68,,65,,63.5,,,,,,,,,,5.5,,,,,,,,,,,,
,,,,,,,,,,,9,,,R132,,,,R132,111,41,163,,147,59,,65,,65.5,,,,,,,,,,5,,,,,,,,,,,,
,,,,,,,,,,,9,,,R133,,,,R133,165,59,188,,153,63,,67,,65,,,,,,,,,,7,,,,,,,,,,,,
,,,,,,,,,,,5.5,,,R134,,,,R134,178,53,173,,,67,,56,,,,,,,,,,,,7,,,,,,,,,,,,
,,,3.5,32.5,11,30,37,22,7,,,,,R135,,,,R135,137,17,140,,197,62.5,,63,,68,,,,,,,,,,3.5,,,,,,,,,,,,
,,,,,,,,,16,10,3.5,,,R136,,,,R136,120,46,157,,161,62,,65,,65.5,,,,,,,,,,7,,,,,,,,,,,,
,,,,,,,,,6,9,4,,,R137,,,,R137,159,20,200,,189,66,,72.5,,69,,,,,,,,,,6.5,,,,,,,,,,,,
,,,,,,,,,,,7.5,,,R138,,,,R138,172,38,168,,,63,,61,,,,,,,,,,,,8,,,,,,,,,,,,
,,,,19,10,34,4.5,14,12.5,,,,,R139,,,,R139,183,42,141,,153,67,,62,,64,,,,,,,,,,11,,,,,,,,,,,,
,,,,,,,,,9,,,,,R140,,,,R140,175,32,156,,,65,,62,,,,,,,,,,,,5.5,,,,,,,,,,,,
,,,,23,16,10,9,,,,,,,R141,,,,R141,193,33.5,160,,201,65,,66,,69.5,,,,,,,,,,6,,,,,,,,,,,,
,,,,,,,5,,,,,,,R142,,,,R142,160,42.5,189,,191,64,199,69,,69,,70,,,,,,,,5,,,,,,,,,,,,
,,,,,,,21,21,6,14,5,,,R143,,,,R143,150,140,136,,172,64.5,,61.5,,66,,,,,,,,,,8,,,,,,,,,,,,
,,,,,,,,,16,16.5,6.5,,,R144,,,,R144,118,39,125,,,62,,64,,,,,,,,,,,,6.5,,,,,,,,,,,,
,,,,,,,,,,,2,,,R145,,,,R145,157,39.5,,,,66,,,,,,,,,,,,,,7,,,,,,,,,,,,
,,,,,,,,,,,4.5,,,R146,,,,R146,116,95,147,,,68,,67.5,,,,,,,,,,,,13.5,,,,,,,,,,,,
,,,,47.5,5,,,,,,,,,R147,,,,R147,142,67,139,,,64.5,,63.5,,,,,,,,,,,,9.5,,,,,,,,,,,,
,,,,,13,,,,,,,,,R148,,,,R148,133,15,116,,,62.5,,62.5,,,,,,,,,,,,5,,,,,,,,,,,,
,,,,,8,,,,,,,,,R149,,,,R149,173,59,160,,153,68,,59,,64,,,,,,,,,,6.5,,,,,,,,,,,,
,,,,,11,11,1.5,,,,,,,R150,,,,R150,164,39,165,,170,64.5,167,68,147,61,,65,,68,,,,,,6.5,,,,,,,,,,,,
,,,,,28,19,9,,,,,,,R151,,,,R151,155,20.5,146,,,67,,63.5,,,,,,,,,,,,5.5,,,,,,,,,,,,
,,,,,,,17,,,,,,,R152,,,,R152,163,53,175,,,68,,69,,,,,,,,,,,,8.5,,,,,,,,,,,,
,,,,,,,9.5,,,,,,,R153,,,,R153,157,45,140,,121,60,,62,,59,,,,,,,,,,19,,,,,,,,,,,,
,,,,,,,8.5,,,,,,,R154,,,,R154,129,20.5,168,,182,65,,66.5,,65,,,,,,,,,,7.5,,,,,,,,,,,,
,,,,,,,4,,,,,,,R155,,,,R155,113,59,144,,,58,,63,,,,,,,,,,,,11,,,,,,,,,,,,
,,,,,47,37,6,,,,,,,R156,,,,R156,206,135,164,,156,74,,67,,65,,,,,,,,,,23.5,,,,,,,,,,,,
,,,,,,,28,25.5,10,,,,,R157,,,,R157,109,26,197,,,63,,76,,,,,,,,,,,,7,,,,,,,,,,,,
,,,,,,,,,14,,,,,R158,,,,R158,108,45,141,,,67.5,,64.5,,,,,,,,,,,,17,,,,,,,,,,,,
,,,,,,,,,6.5,,,,,R159,,,,R159,158,32,189,,205,63,,69,,72.5,,,,,,,,,,12,,,,,,,,,,,,
Diam,Long,Diam,Long,Diam,Long,Diam,Long,Diam,Long,Diam,Long,Diam,Long,N° ram,Long,,,N° ram,Poids,,Poids,Diam,Poids,Diam,Poids,Diam,Poids,Diam,Poids,Diam,Poids,Diam,Poids,Diam,Diam,,Diam,,Diam,,Long,,,,,,,,,
64,51,117,77,25,13,20,3,12,22,,,,,R1,,,,R1,114,,116,57,118,55,,58.5,,,,,,,,,,,12,,,,53,,,,,,,,,
,,,,,,,,,6,,,,,R2,,,,R2,195,,190,60,,62.5,,,,,,,,,,,,,10.5,,,,49,,,,,,,,,
,,,,,34,13,4.5,8,5,,,,,R3,,,,R3,170,,169,56,,54.5,,,,,,,,,,,,,4.5,,,,38,,,,,,,,,
,,,,,,,,,3.5,,,,,R4,,,,R4,118,,,59,,,,,,,,,,,,,,,4.5,,,,22.5,,,,,,,,,
,,,,,,,3,,,,,,,R5,,,,R5,159,,150,67,152,67.5,,69,,,,,,,,,,,6,,,,55,,,,,,,,,
,,,,,44,,,,,,,,,R6,,,,R6,158,,196,65,,71,,,,,,,,,,,,,7.5,,,,40,,,,,,,,,
,,,,,5,8,12,,,,,,,R7,,,,R7,119,,188,59,125,61,,63,,,,,,,,,,,6.5,,,,39,,,,,,,,,
,,,,42,4,,,,,,,,,R8,,,,R8,118,,120,58,135,59.5,,60,,,,,,,,,,,10,,,,67,,,,,,,,,
,,,,,4,12,10,,,,,,,R9,,,,R9,117,,116,59.5,118,58,,59,,,,,,,,,,,7,,,,56,,,,,,,,,
,,,,,,,13,,,,,,,R10,,,,R10,128,,119,60,130,59,,62.5,,,,,,,,,,,10,,,,77,,,,,,,,,
,,,,,60,24,5.5,11.5,11,,,,,R11,,,,R11,135,,,60.5,,,=,,,,,,,,,,,,3.5,,,,1,,,,,,,,,
,,,,,,,,,5.5,,,,,R12,,,,R12,120,,116,59.5,127,58.5,,60,,,,,,,,,,,9,,,,64,,,,,,,,,
,,,,,,,,,11,,,,,R13,,,,R13,136,,160,63,,66,,,,,,,,,,,,,4.5,,,,22,,,,,,,,,
,,,,,,,3.5,12.5,8,,,,,R14,,,,R14,106,,122,60,,60.5,,,,,,,,,,,,,7,,,,40,,,,,,,,,
,,,,,,,,,4,,,,,R15,,,,R15,115,,118,58,128,59,,60.5,,,,,,,,,,,7,,,,49,,,,,,,,,
,,,,,,,,,14,,,,,R16,,,,R16,167,,,68.5,,,,,,,,,,,,,,,8.5,,,,26,,,,,,,,,
,,,,,,,,,5,,,,,R17,,,,R17,120,,140,59.5,,63,,,,,,,,,,,,,5,,,,30,,,,,,,,,
,,,,67,24,12,10,,,,,,,R18,,,,R18,116,,111,58,118,59,,60,,,,,,,,,,,10,,,,38,,,,,,,,,
,,,,,,,9,,,,,,,R19,,,,R19,139,,169,62,108,65.5,,58,,,,,,,,,,,9.5,,,,73,,,,,,,,,
,,,,,14,61,12,12,13,,,,,R20,,,,R20,186,,185,72,189,69.5,,66,,,,,,,,,,,10.5,,,,57,,,,,,,,,
,,,,,,,19,,,,,,,R21,,,,R21,152,,168,66.5,158,68,190,63.5,,66.5,,,,,,,,,12,,,,89,,,,,,,,,
,,,,,,,25,25,8,,,,,R22,,,,R22,130,,,60,,,,,,,,,,,,,,,9,,,,10,,,,,,,,,
,,,,,,,,,8,,,,,R23,,,,R23,163,,,65.5,,,,,,,,,,,,,,,10,,,,9,,,,,,,,,
,,,,,,,,,13.5,,,,,R24,,,,R24,159,,160,65,,64,,,,,,,,,,,,,8,,,,42,,,,,,,,,
,,,,,,,,,8.5,,,,,R25,,,,R25,160,,167,66.5,136,66.5,,62,,,,,,,,,,,14,,,,38,,,,,,,,,
,,,,,,,,,4,,,,,R26,,,,R26,148,,198,63.5,160,71.5,,64,,,,,,,,,,,16,,,,65,,,,,,,,,
,,,31,24,13.5,21,4,,,,,,,R27,,,,R27,,,,,,,,,,,,,,,,,,,7,,,,41,,,,,,,,,
,,,,60,13,28,33,,,,,,,R28,,,,R28,168,,,68.5,,,,,,,,,,,,,,,7,,,,17.5,,,,,,,,,
,,,,,,,15,,,,,,,R29,,,,R29,134,,159,61.5,141,64.5,,63.5,,,,,,,,,,,8,,,,26,,,,,,,,,
,,,,,,,11,,,,,,,R30,,,,R30,159,,184,64,190,69.5,,66,,,,,,,,,,,9,,,,40,,,,,,,,,
,,,,,3.5,36.5,5,,,,,,,R31,,,,R31,119,,152,58,159,63.5,197,62,199,70,,72,,,,,,,25,,,,123,,,,,,,,,
,,,,,36.5,38,5.5,,,,,,,R32,,,,R32,184,,188,71,169,71.5,175,66.5,,73,,,,,,,,,23,,,,117,,,,,,,,,
,,,,,,,14,7,5,,,,,R33,,,,R33,151,,,64.5,,,,,,,,,,,,,,,14,,,,3,,,,,,,,,
,,,,,,,,,7.5,,,,,R34,,,,R34,126,,129,59,,61,,,,,,,,,,,,,6.5,,,,15,,,,,,,,,
,,,,,,,,,-3.5,,,,,R35,,,,R35,145,,182,62,122,67.5,142,60,,68,,,,,,,,,14.5,,,,47,,,,,,,,,
,,,,,,,,,6.5,,,,,R36,,,,R36,144,,169,64,163,68,,65.5,,,,,,,,,,,7.5,,,,29,,,,,,,,,
,,117,130,55.5,50,17,4,,,,,,,R37,,,,R37,150,,199,65,200,70,,74,,,,,,,,,,,12,,,,65,,,,,,,,,
,,,,,,,2.5,,,,,,,R38,,,,R38,136,,138,62,130,63,,61,,,,,,,,,,,8.5,,,,49,,,,,,,,,
,,,,,,,15,,,,,,,R39,,,,R39,139,,167,63,150,66.5,,65,,,,,,,,,,,9,,,,53,,,,,,,,,
,,,,,,,6,,,,,,,R40,,,,R40,117,,121,58,,59.5,,,,,,,,,,,,,6.5,,,,45,,,,,,,,,
,,,,,11,9,12.5,,,,,,,R41,,,,R41,139,,124,62,,59.5,,,,,,,,,,,,,7,,,,22,,,,,,,,,
,,,,,,,19.5,,,,,,,R42,,,,R42,189,,170,70.5,225,67,,75,,,,,,,,,,,4.5,,,,40,,,,,,,,,
,,,,,65,,,,,,,,,R43,,,,R43,140,,171,62,,68,,,,,,,,,,,,,6,,,,37,,,,,,,,,
,,,,,4.5,23,6,,,,,,,R44,,,,R44,207,,169,72,,66.5,,,,,,,,,,,,,10,,,,51,,,,,,,,,
,,,,,4,29,10.5,,,,,,,R45,,,,R45,130,,168,58,220,66,,74.5,,,,,,,,,,,11,,,,56,,,,,,,,,
,,,,,,,9,,,,,,,R46,,,,R46,181,,170,68,162,68,,65.5,,,,,,,,,,,12,,,,56,,,,,,,,,
,,,,,,,4.5,,,,,,,R47,,,,R47,190,,231,70,167,74,119,67.5,,60,,,,,,,,,14.5,,,,53.5,,,,,,,,,
,,,,69,25,15,13,,,,,,,R48,,,,R48,132,,157,60.5,,63.5,,,,,,,,,,,,,9,,,,26,,,,,,,,,
,,,,,33,7.5,28.5,,,,,,,R49,,,,R49,126,,119,59,,58.5,,,,,,,,,,,,,5,,,,27.5,,,,,,,,,
,,,,,3,,,,,,,,,R50,,,,R50,113,,129,57,,61,,,,,,,,,,,,,7,,,,54,,,,,,,,,
,,,,,10.5,11,5,,,,,,,R51,,,,R51,140,,156,63,,65,,,,,,,,,,,,,5.5,,,,20.5,,,,,,,,,
,,,,,12.5,,,,,,,,,R52,,,,R52,123,,,58.5,,,,,,,,,,,,,,,5,,,,16,,,,,,,,,
,,,,,-5,,,,,,,,,R53,,,,R53,137,,143,63,154,62.5,126,64.5,145,60,169,63,,,,,,,12,,,,94,,,,,,,,,
,,,,,17.5,12.5,15,,,,,,,R54,,,,R54,172,,119,65.5,,59.5,,,,,,,,,,,,,5.5,,,,18,,,,,,,,,
,,,,,,,21.5,,,,,,,R55,,,,R55,126,,164,62,146,66.5,,65,,,,,,,,,,,7,,,,39,,,,,,,,,
,,,,,16.5,18,8,,,,,,,R56,,,,R56,140,,250,62.5,,75,,,,,,,,,,,,,9,,,,15.5,,,,,,,,,
,,,,,3,,,,,,,,,R57,,,,R57,135,,239,60.5,,73,,,,,,,,,,,,,7.5,,,,29.5,,,,,,,,,
,,,,,2,22.5,4.5,,,,,,,R58,,,,R58,181,,168,68.5,154,68,170,64.5,150,65.5,,62.5,,,,,,,16.5,,,,111,,,,,,,,,
,,,,,4.5,19,23,,,,,,,R59,,,,R59,196,,181,71,173,69,,66,,,,,,,,,,,7,,,,39,,,,,,,,,
,,,,,,,14.5,,,,,,,R60,,,,R60,147,,259,63,222,75,117,73,150,60,,63.5,,,,,,,17,,,,132,,,,,,,,,
,,85,87,40,9,10,28,,,,,,,R61,,,,R61,182,,160,68.5,,67,,,,,,,,,,,,,4.5,,,,40,,,,,,,,,
,,,46,37.5,32,41.5,2,,,,,,,R62,,,,R62,130,,156,59,228,58.5,128,72.5,,65,,,,,,,,,10,,,,93.5,,,,,,,,,
,,,,,,,,15.5,7.5,,,,,R63,,,,R63,230,,130,74,,62,,,,,,,,,,,,,6.5,,,,32.5,,,,,,,,,
,,,,,,,,,15,12,13,,,R64,,,,R64,134,,,62.5,,,,,,,,,,,,,,,5,,,,29,,,,,,,,,
,,,,,,,,,,,4,,,R65,,,,R65,164,,,67,,,,,,,,,,,,,,,5,,,,3.5,,,,,,,,,
,,,,,,,,,,,6,,,R66,,,,R66,174,,180,62.5,,69.5,,,,,,,,,,,,,5.5,,,,39,,,,,,,,,
,,,,,,,,,,,7.5,,,R67,,,,R67,149,,,64,,,,,,,,,,,,,,,5,,,,11,,,,,,,,,
,,,,,,,,,,,13.5,,,R68,,,,R68,150,,142,65,,63.5,,,,,,,,,,,,,6.5,,,,38,,,,,,,,,
,,,,55,6.5,26,12,15,5,12,5,,,R69,,,,R69,148,,147,63,138,63,,64,,,,,,,,,,,8,,,,71,,,,,,,,,
,,,,,,,,,,,20,,,R70,,,,R70,180,,145,64.5,,62,,,,,,,,,,,,,8,,,,69,,,,,,,,,
,,,,20,11,12,4.5,,,,,,,R71,,,,R71,134,,165,61,201,68,,71.5,,,,,,,,,,,7,,,,57,,,,,,,,,
,,,,,,,,6,9,,,,,R72,,,,R72,162,,170,64,,62.5,,,,,,,,,,,,,5,,,,32,,,,,,,,,
,,,,,,,,,-5,,,,,R73,,,,R73,183,,180,65.5,,66.5,,,,,,,,,,,,,9,,,,58,,,,,,,,,
,,,,48.5,5,,,,,,,,,R74,,,,R74,235,,207,70,173,69,,77.5,,,,,,,,,,,15.5,,,,80,,,,,,,,,
,,,,,25,11.5,16,,,,,,,R75,,,,R75,229,,138,78,142,61,,63.5,,,,,,,,,,,7,,,,70,,,,,,,,,
,,,,,,,6,,,,,,,R76,,,,R76,136,,198,61,,68,,,,,,,,,,,,,5,,,,34,,,,,,,,,
,,,,,,,12,,,,,,,R77,,,,R77,152,,119,65.5,,60,,,,,,,,,,,,,6,,,,33,,,,,,,,,
,,,,,6,30,27,,,,,,,R78,,,,R78,172,,147,67,,63,,,,,,,,,,,,,8,,,,35,,,,,,,,,
,,,,,,,6,,,,,,,R79,,,,R79,181,,179,69,214,69.5,,72.5,,,,,,,,,,,12,,,,74,,,,,,,,,
,,,,,,,12,,,,,,,R80,,,,R80,152,,148,65.5,197,63.5,,70,,,,,,,,,,,17.5,,,,93,,,,,,,,,
,,,,,,,4,,,,,,,R81,,,,R81,200,,164,71,,70,,,,,,,,,,,,,15,,,,67,,,,,,,,,
,,,,,,,3.5,,,,,,,R82,,,,R82,220,,141,73.5,195,63,204,73.5,,78.5,,,,,,,,,16.5,,,,83,,,,,,,,,
,,,,,5,13,16,,,,,,,R83,,,,R83,143,,165,64,155,65.5,,65,,,,,,,,,,,9.5,,,,56,,,,,,,,,
,,,,,,,6,,,,,,,R84,,,,R84,139,,164,63.5,121,65,,60,,,,,,,,,,,7.5,,,,55,,,,,,,,,
,,,,,,,,25,42,,,,,R85,,,,R85,172,,200,66,203,70.5,,71,,,,,,,,,,,15,,,,67,,,,,,,,,
,,,,,,,,,10,9,7,,,R86,,,,R86,203,,201,68.5,,69.5,,,,,,,,,,,,,8.5,,,,46,,,,,,,,,
,,,,,,,,,12,17.5,5,,,R87,,,,R87,185,,193,65.5,,69,,,,,,,,,,,,,8,,,,32,,,,,,,,,
,,,,,,,,,,,3,,,R88,,,,R88,206,,189,71.5,,67,,,,,,,,,,,,,7.5,,,,31,,,,,,,,,
,,,,,,,,,,,17,,,R89,,,,R89,175,,180,71,,68,,,,,,,,,,,,,12,,,,49,,,,,,,,,
,,,,,,,,,,,15,,,R90,,,,R90,211,,141,91,,61.5,,,,,,,,,,,,,11.5,,,,47,,,,,,,,,
,,,,,,,,,,,1.5,,,R91,,,,R91,122,,,61.5,,,,,,,,,,,,,,,6,,,,3,,,,,,,,,
,,,,,,,,,,,4,,,R92,,,,R92,198,,220,72,,75,,,,,,,,,,,,,5.5,,,,47,,,,,,,,,
,,,,,,,,44,22,21.5,6.5,,,R93,,,,R93,215,,184,69,122,68,,59,,,,,,,,,,,15,,,,72,,,,,,,,,
,,,,,,,,,,,5,,,R94,,,,R94,173,,180,67,178,68.5,,68,,,,,,,,,,,11.5,,,,63,,,,,,,,,
,,,,,,,,,7,45,5.5,11.5,11,R95,,,,R95,212,,,73,,,,,,,,,,,,,,,5.5,,,,21,,,,,,,,,
,,,,,,,,,,,25,14.5,3.5,R96,,,,R96,165,,153,67,,62,,,,,,,,,,,,,8,,,,42,,,,,,,,,
,,,,,,,,,,,,,0,R97,,,,R97,192,,182,70.5,165,68,,65,,,,,,,,,,,10,,,,60,,,,,,,,,
,,,,,,,,,,,,21,20,R98,,,,R98,224,,191,75,183,69,,67.5,,,,,,,,,,,14.5,,,,45,,,,,,,,,
,,,,,,,,,,,,7.5,14,R99,,,,R99,162,,174,65,,71,,,,,,,,,,,,,7.5,,,,34,,,,,,,,,
,,,,,,,,,,,,,12,R100,,,,R100,135,,197,62,,70,,,,,,,,,,,,,6,,,,38,,,,,,,,,
,,,,,,,,,,,,,17,R101,,,,R101,166,,166,67,171,66.5,,65.5,,,,,,,,,,,8,,,,31,,,,,,,,,
,,,,,,,,,,,,,-7.5,R102,,,,R102,173,,196,66,148,71.5,,63,,,,,,,,,,,9,,,,47,,,,,,,,,
,,,,,,,,,,,,,3.5,R103,,,,R103,174,,187,67,,69.5,,,,,,,,,,,,,9,,,,31,,,,,,,,,
,,,,,,,,,,,,,9,R104,,,,R104,171,,134,67.5,176,63.5,,68.5,,,,,,,,,,,5,,,,64,,,,,,,,,
,,,,,,,,,,,,,5.5,R105,,,,R105,231,,233,73,159,74,,69,,,,,,,,,,,10,,,,35,,,,,,,,,
,,,,,,,,,,,,,3,R106,,,,R106,137,,193,62,153,69,,65,,,,,,,,,,,14.5,,,,69,,,,,,,,,
,,117.5,84,30,9,14,6,,,,,,,R107,,,,R107,146,,169,61,172,65,,65.5,,,,,,,,,,,6.5,,,,52,,,,,,,,,
,,,,,,,9.5,,,,,,,R108,,,,R108,134,,132,63,176,62.5,,67.5,,,,,,,,,,,7,,,,50,,,,,,,,,
,,,,,,,8,,,,,,,R109,,,,R109,172,,143,68,162,65,,69.5,,,,,,,,,,,7.5,,,,45,,,,,,,,,
,,,,32,5,,,,,,,,,R110,,,,R110,156,,185,66.5,,71,,,,,,,,,,,,,9,,,,54,,,,,,,,,
,,,,,7,12,4.5,,,,,,,R111,,,,R111,136,,101,61.5,,57.5,,,,,,,,,,,,,6,,,,31,,,,,,,,,
,,,,,,,8.5,,,,,,,R112,,,,R112,164,,153,69,,66.5,,,,,,,,,,,,,17,,,,44,,,,,,,,,
,,,,,,,15,6,8,,,,,R113,,,,R113,196,,,67,,,,,,,,,,,,,,,6,,,,22,,,,,,,,,
,,,,,,,,,4,,,,,R114,,,,R114,132,,110,63,,62,,,,,,,,,,,,,5,,,,24,,,,,,,,,
,,,,,,,18,7,7,,,,,R115,,,,R115,102,,,59,,,,,,,,,,,,,,,6.5,,,,17,,,,,,,,,
,,,40,80,10,18.5,15,14,2.5,9,10,,,R116,,,,R116,101,,107,56,,59,,,,,,,,,,,,,5,,,,34,,,,,,,,,
,,,,,,,,,,,11,,,R117,,,,R117,167,,130,67.5,,63,,,,,,,,,,,,,5,,,,22,,,,,,,,,
,,,42,42,11,,,,,,,,,R118,,,,R118,161,,152,65,,66,,,,,,,,,,,,,7.5,,,,33,,,,,,,,,
,,,,,28,11.5,10.5,,,,,,,R119,,,,R119,118,,,60,,,,,,,,,,,,,,,5,,,,18,,,,,,,,,
,,,,,43,11.5,7,,,,,,,R120,,,,R120,116,,119,59.5,,60,,,,,,,,,,,,,5.5,,,,56,,,,,,,,,
,,,,,15,8,13.5,,,,,,,R121,,,,R121,105,,,58,,,,,,,,,,,,,,,6.5,,,,24,,,,,,,,,
,,,,,5,7.5,12.5,,,,,,,R122,,,,R122,120,,125,60.5,,62.5,,,,,,,,,,,,,6,,,,43,,,,,,,,,
,,,,,15,37,7,,,,,,,R123,,,,R123,118,,136,60,,63,,,,,,,,,,,,,7,,,,18,,,,,,,,,
,,,,,,,8,,,,,,,R124,,,,R124,111,,140,58,146,63,162,63.5,,68.5,,,,,,,,,12,,,,75,,,,,,,,,
,,,,,,,3.5,,,,,,,R125,,,,R125,135,,106,63.5,,57.5,,,,,,,,,,,,,10,,,,25,,,,,,,,,
,,,,,,,12,,,,,,,R126,,,,R126,137,,136,63,178,62.5,154,67.5,170,65.5,182,67.5,,,,,,,18,,,,134,,,,,,,,,
,,,,,,12,5,,,,,,,R127,,,,R127,138,,187,62.5,,71,,,,,,,,,,,,,5.5,,,,30,,,,,,,,,
,,,13,53,32,23,8,21,10,,,,,R128,,,,R128,172,,180,67,176,65,,69.5,,,,,,,,,,,7,,,,71,,,,,,,,,
,,,,,,,,,16,14,6,,,R129,,,,R129,111,,,60,,,,,,,,,,,,,,,5,,,,3.5,,,,,,,,,
,,,,,,,,,,,4,,,R130,,,,R130,159,,165,66.5,,67.5,,,,,,,,,,,,,8,,,,37,,,,,,,,,
,,,,,,,,,,,6,,,R131,,,,R131,170,,157,67,,66.5,,,,,,,,,,,,,7,,,,32,,,,,,,,,
,,,,,,,,,,,3.5,,,R132,,,,R132,186,,143,71,169,65.5,,68,,,,,,,,,,,12,,,,73,,,,,,,,,
,,,,,25,,,,,,,,,R133,,,,R133,181,,119,71,,61.5,,,,,,,,,,,,,8,,,,30,,,,,,,,,
,,,,,15,,,,,,,,,R134,,,,R134,223,,155,74.5,171,66.5,156,69,125,67,,60.5,,,,,,,11,,,,59,,,,,,,,,
,,,,,15,,,,,,,,,R135,,,,R135,160,,152,65.5,167,66,,67,,,,,,,,,,,12,,,,35,,,,,,,,,
,,,,,26,16,3,,,,,,,R136,,,,R136,173,,125,68,162,61,159,69,,66.5,,,,,,,,,13.5,,,,75,,,,,,,,,
,,,,,17.5,34.5,7.5,12.5,6.5,,,,,R137,,,,R137,180,,192,69,199,71,,73.5,,,,,,,,,,,10,,,,43,,,,,,,,,
,,,,,,,,,4,,,,,R138,,,,R138,127,,162,61.5,,64.5,,,,,,,,,,,,,6.5,,,,20.5,,,,,,,,,
,,,,,,,,,7,,,,,R139,,,,R139,175,,169,67,205,67,154,72,,64,,,,,,,,,10,,,,70,,,,,,,,,
,,,,,,,-26,,,,,,,R140,,,,R140,159,,189,66,196,67.5,204,71.5,213,70,,71,,,,,,,20,,,,90,,,,,,,,,
,,,26,66,18,47,5.5,16,12,,,,,R141,,,,R141,161,,139,64.5,180,60.5,,73,,,,,,,,,,,7,,,,41,,,,,,,,,
,,,,,,,,,4.5,,,,,R142,,,,R142,143,,152,62.5,,69.5,,,,,,,,,,,,,7,,,,55,,,,,,,,,
,,,,,,,,,17,,,,,R143,,,,R143,156,,150,64.5,,63.5,,,,,,,,,,,,,9,,,,33,,,,,,,,,
,,,,,,,,,7,,,,,R144,,,,R144,184,,157,63,190,64.5,,70.5,,,,,,,,,,,8.5,,,,55,,,,,,,,,
,,,,,,,2.5,16,5,,,,,R145,,,,R145,196,,201,70.5,211,71,,72.5,,,,,,,,,,,11,,,,77,,,,,,,,,
,,,,,,,,,4.5,,,,,R146,,,,R146,220,,,71,,,,,,,,,,,,,,,6,,,,2.5,,,,,,,,,
,,,,,,,20,,,,,,,R147,,,,R147,181,,171,69,180,67,,67.5,,,,,,,,,,,9,,,,58,,,,,,,,,
,,,,,,,12,,,,,,,R148,,,,R148,157,,141,64.5,150,62.5,,69.5,,,,,,,,,,,9.5,,,,62,,,,,,,,,
,,,,,,,8,16,7,,,,,R149,,,,R149,182,,214,69.5,203,73.5,,72.5,,,,,,,,,,,11,,,,54,,,,,,,,,
,,,,,,,,,20.5,,,,,R150,,,,R150,186,,153,68,201,67.5,,68.5,,,,,,,,,,,5,,,,32,,,,,,,,,
,,,,,,,,,19,,,,,R151,,,,R151,111,,,59,,,,,,,,,,,,,,,1,,,,1,,,,,,,,,
,,,,,,,,,8.5,10,2.5,,,R152,,,,R152,152,,153,64.5,,69.5,,,,,,,,,,,,,6,,,,31,,,,,,,,,
,,,,,,,,,-30,,,,,R153,,,,R153,202,,172,72,201,68,,69,,,,,,,,,,,7,,,,40,,,,,,,,,
Diam,Long,Diam,Long,Diam,Long,Diam,Long,Diam,Long,Diam,Long,Diam,Long,N° ram,Long,,,N° ram,Poids,,Poids,,Poids,,Poids,,Poids,,Poids,,Poids,,Poids,,,,Diam,,,,Long,Diam,Diam,Diam,Diam,Diam,Diam,Diam,Diam,Diam
60,50,113.5,80,21,18.5,11,16,7,10,,,,,R1,,,,R1,113,,108,,110,,,,,,,,,,,,,,5,,,,42,,62,58.5,59,,,,,
,,,,21.5,8,11,6.5,7,10,,,,,R2,,,,R2,140,,159,,109,,,,,,,,,,,,,,5,,,,35,,64,62.5,59,,,,,
,,,,,,,,,6,,,,,R3,,,,R3,120,,125,,,,,,,,,,,,,,,,5,,,,18,,60,60.5,,,,,,
,,,,,,,3.5,,,,,,,R4,,,,R4,152,,136,,149,,,,,,,,,,,,,,6,,,,36,,65,61.5,63,,,,,
,,,,9,6,2,,,,,,,,R5,,,,R5,144,,,,,,,,,,,,,,,,,,7.5,,,,4,,63.5,,,,,,,
,,,,54,60,5,16,9,,,,,,R6,,,,R6,173,,168,,166,,120,,,,,,,,,,,,13.5,,,,99,,65,67,65.5,59,,,,
,,,,,,19,15,1.5,,,,,,R7,,,,R7,155,,161,,170,,,,,,,,,,,,,,10,,,,53,,61,64,68.5,,,,,
,,,,,,,,,18,30,14,,,R8,,,,R8,151,,109,,120,,,,,,,,,,,,,,6,,,,50,,62,59,59,,,,,
,,,,,,,,,,,5.5,,,R9,,,,R9,180,,197,,161,,,,,,,,,,,,,,10,,,,76,,65.5,66,65,,,,,
,,,,,,,,,,,14,,,R10,,,,R10,173,,215,,224,,204,,,,,,,,,,,,13,,,,99,,66,70,65,70,,,,
,,,,,,,,,,,13,,,R11,,,,R11,163,,205,,193,,178,,,,,,,,,,,,14.5,,,,89,,68.5,69,65,69,,,,
,,,,,,,,,,,4,,,R12,,,,R12,117,,160,,157,,,,,,,,,,,,,,13,,,,56,,62,64,64,,,,,
,,,,,,,,,12,16.5,4,,,R13,,,,R13,144,,173,,188,,,,,,,,,,,,,,8.5,,,,69,,65,68,65,,,,,
,,,,,,,,,32,25,34,10,2.5,R14,,,,R14,186,,130,,160,,,,,,,,,,,,,,6.5,,,,58,,67,62.5,64,,,,,
,,,,,,,,,,,9.5,,,R15,,,,R15,202,,192,,177,,,,,,,,,,,,,,7.5,,,,60,,66.5,66,64,,,,,
,,,,,,,,,,,5,18.5,6.5,R16,,,,R16,178,,209,,173,,,,,,,,,,,,,,7.5,,,,57,,75,67,63.5,,,,,
,,,,,,,,,,,15,17.5,5,R17,,,,R17,168,,219,,184,,,,,,,,,,,,,,9,,,,49,,69,71.5,63,,,,,
,,,,,,,,,,,,,7,R18,,,,R18,229,,147,,193,,203,,,,,,,,,,,,13.5,,,,87.5,,69,66,73,73.5,,,,
,,,38,38,4,,,,,,,,,R19,,,,R19,194,,139,,116,,200,,195,,,,,,,,,,12,,,,108.5,,68,69,59,71,69.5,,,
,,,,,3,26,4,23,25,,,,,R20,,,,R20,115,,129,,145,,,,,,,,,,,,,,7,,,,46,,60,61,65,,,,,
,,,,,,,,,10,,,,,R21,,,,R21,201,,192,,173,,166,,,,,,,,,,,,8.5,,,,75,,67,67.5,63.5,64,,,,
,,,,,,,,,4,,,,,R22,,,,R22,164,,162,,168,,147,,,,,,,,,,,,7,,,,61,,65,64,65,54,,,,
,,,,,,,,,12,,,,,R23,,,,R23,111,,,,,,,,,,,,,,,,,,8.5,,,,1,,57,,,,,,,
,,,,,,,,,20.5,,,,,R24,,,,R24,176,,149,,,,,,,,,,,,,,,,7,,,,28,,63.5,65,,,,,,
,,,,,,,,,5,,,,,R25,,,,R25,173,,182,,188,,,,,,,,,,,,,,6.5,,,,65.5,,65,60,60.5,,,,,
,,,,,2,36,7,18,6,,,,,R26,,,,R26,161,,134,,,,,,,,,,,,,,,,9,,,,52,,66.5,60,,,,,,
,,,,,,,,,15,,,,,R27,,,,R27,201,,189,,,,,,,,,,,,,,,,8,,,,55,,68.5,65,,,,,,
,,,,,,,,,5,,,,,R28,,,,R28,145,,168,,139,,,,,,,,,,,,,,6.5,,,,34,,62.5,67,62,,,,,
,,,,,,,,,5.5,,,,,R29,,,,R29,159,,165,,162,,,,,,,,,,,,,,8,,,,48,,64,64,63.5,,,,,
,,,,,,,,,12,,,,,R30,,,,R30,173,,156,,171,,181,,,,,,,,,,,,11,,,,95,,67,65.5,68,66,,,,
,,,,,,,1.5,17.5,19.5,,,,,R31,,,,R31,136,,146,,159,,143,,,,,,,,,,,,7,,,,26,,65,63,64,63.5,,,,
,,,,,,,,,4.5,,,,,R32,,,,R32,184,,149,,196,,,,,,,,,,,,,,10,,,,55,,69,63,67,,,,,
,,,,,,,,,7.5,,,,,R33,,,,R33,176,,180,,177,,,,,,,,,,,,,,8,,,,33,,63,65.5,64,,,,,
,,113,118,70.5,4,15,3,10.5,6.5,,,,,R34,,,,R34,201,,187,,175,,178,,,,,,,,,,,,11,,,,71,,66.5,67,65,69,,,,
,,,,,3,,,,,,,,,R35,,,,R35,178,,192,,207,,173,,,,,,,,,,,,8.5,,,,88,,65,67.5,70.5,63.5,,,,
,,,6,76,8,53,5,19,6,,,,,R36,,,,R36,207,,169,,171,,200,,,,,,,,,,,,5.5,,,,88,,72,66.5,68,74,,,,
,,,,,,,8,,,,,,,R37,,,,R37,196,,181,,173,,154,,,,,,,,,,,,4.5,,,,25,,71,69,66,64.5,,,,
,,,,,,,5,20.5,15,,,,,R38,,,,R38,150,,136,,166,,,,,,,,,,,,,,10,,,,67,,64,61.5,66.5,,,,,
,,,,,,,,,21,,,,,R39,,,,R39,123,,150,,173,,,,,,,,,,,,,,12,,,,127,,59,61,67,,,,,
,,,,,,,,,7,,,,,R40,,,,R40,149,,179,,161,,210,,,,,,,,,,,,15,,,,87,,62,67,65,71,,,,
,,,,,,,,,6,,,,,R41,,,,R41,118,,164,,142,,123,,,,,,,,,,,,8,,,,68,,61,63,64,64.5,,,,
,,,,,,,,,25,,,,,R42,,,,R42,143,,172,,158,,,,,,,,,,,,,,10,,,,65,,62,66,64,,,,,
,,,,,,,47,35.5,40,,,,,R43,,,,R43,166,,179,,214,,,,,,,,,,,,,,11,,,,69,,64,69.5,72.5,,,,,
,,,,,,,,,32,12.5,17,,,R44,,,,R44,230,,144,,123,,,,,,,,,,,,,,9.5,,,,53,,73,63.5,61,,,,,
,,,,,,,,,,,12,,,R45,,,,R45,130,,175,,147,,,,,,,,,,,,,,12,,,,45.5,,62,68,63,,,,,
,,,,,,,,,7.5,19,7,,,R46,,,,R46,175,,176,,220,,262,,195,,,,,,,,,,12,,,,76,,71,67,64,71,70,,,
,,,,,,,9,25,16.5,,,,,R47,,,,R47,220,,141,,197,,204,,199,,181,,,,,,,,4.5,,,,20,,73.5,63,70,78.5,68.5,66,,
,,,,,,,,,15,,,,,R48,,,,R48,157,,140,,138,,,,,,,,,,,,,,9,,,,64,,60,60,64,,,,,
,,,,,,,,,5.5,,,,,R49,,,,R49,206,,164,,197,,,,,,,,,,,,,,11.5,,,,106,,74,65,70,,,,,
,,,,,,,,,5,,,,,R50,,,,R50,194,,156,,189,,,,,,,,,,,,,,7.5,,,,31,,66,59,69,,,,,
,,,,,,,,,30,,,,,R51,,,,R51,187,,273,,197,,189,,,,,,,,,,,,11,,,,55,,67,68,67,65.5,,,,
,,,,,,,28,,,,,,,R52,,,,R52,181,,145,,206,,,,,,,,,,,,,,13,,,,101,,67,62,67,,,,,
,,,,,,,10,,,,,,,R53,,,,R53,188,,209,,192,,,,,,,,,,,,,,12,,,,87,,64,64,71,,,,,
,,,,,,,3,,,,,,,R54,,,,R54,175,,186,,195,,,,,,,,,,,,,,10.5,,,,68,,66.5,64,66,,,,,
,,,,,,,16.5,,,,,,,R55,,,,R55,137,,177,,164,,182,,,,,,,,,,,,19,,,,80,,60,62,65,63,,,,
,,,,,,,22,25,6,,,,,R56,,,,R56,198,,264,,182,,,,,,,,,,,,,,20,,,,124,,71,68,66.5,,,,,
,,,,,,,2.5,21,8,,,,,R57,,,,R57,146,,168,,139,,205,,276,,,,,,,,,,18.5,,,,63,,64,67,62,68,72,,,
,,,8.5,18,19.5,,,,,,,,,R58,,,,R58,136,,146,,151,,,,,,,,,,,,,,10,,,,49,,61.5,62,64,,,,,
,,,,,14.5,,,,,,,,,R59,,,,R59,126,,135,,113,,,,,,,,,,,,,,7,,,,57,,62,60.5,57,,,,,
,,,,,5.5,,,,,,,,,R60,,,,R60,115,,120,,119,,121,,,,,,,,,,,,10.5,,,,64,,56,59,57,60,,,,
,,,,,8,,,,,,,,,R61,,,,R61,153,,126,,145,,,,,,,,,,,,,,11,,,,80,,64,60,63,,,,,
,,,34,69,8,39,29,,,,,,,R62,,,,R62,120,,125,,165,,188,,168,,,,,,,,,,5,,,,17,,60,60,67,69,69,,,
,,,,,,,20,,,,,,,R63,,,,R63,173,,182,,196,,,,,,,,,,,,,,9.5,,,,35,,65,68,70,,,,,
,,,,,,,5,,,,,,,R64,,,,R64,169,,177,,203,,,,,,,,,,,,,,10.5,,,,62,,68,70,68.5,,,,,
,,,,,,,22,,,,,,,R65,,,,R65,168,,199,,196,,214,,207,,,,,,,,,,11.5,,,,118,,69,68,69,70,71,,,
,,,,,,,5,,,,,,,R66,,,,R66,171,,181,,179,,214,,,,,,,,,,,,12,,,,33,,67,69,69.5,71.5,,,,
,,,,,,,11,,,,,,,R67,,,,R67,172,,204,,182,,,,,,,,,,,,,,10,,,,22,,67,70.5,68,,,,,
,,,,,,,3.5,21,4,,,,,R68,,,,R68,200,,168,,181,,209,,,,,,,,,,,,8.5,,,,43,,64,64.5,71,70.5,,,,
,,,,,,,,,2,,,,,R69,,,,R69,173,,171,,146,,,,,,,,,,,,,,11.5,,,,60,,65,64,63,,,,,
,,87.5,94,46,9,27,6.5,9,6,,,,,R70,,,,R70,186,,196,,190,,,,,,,,,,,,,,5,,,,67,,66.5,68,69,,,,,
,,,,,2.5,15,5,,,,,,,R71,,,,R71,163,,173,,178,,201,,,,,,,,,,,,7,,,,82.5,,65,56,67,71.6,,,,
,,,9,13,4,,,,,,,,,R72,,,,R72,159,,153,,179,,,,,,,,,,,,,,8,,,,109,,65,64,70,,,,,
,,108,87,63,6,20.5,10,6,11,,,,,R73,,,,R73,120,,166,,175,,,,,,,,,,,,,,5,,,,34,,59,67.5,67,,,,,
,,,,,,,,,2,,,,,R74,,,,R74,131,,103,,113,,,,,,,,,,,,,,11.5,,,,60,,62,59,58,,,,,
,,,,,2.5,18,34,,,,,,,R75,,,,R75,126,,164,,146,,,,,,,,,,,,,,7.5,,,,51,,62,66.5,65,,,,,
,,,60,39,7.5,14,12,9.5,7,,,,,R76,,,,R76,164,,162,,147,,166,,128,,165,,,,,,,,7,,,,67.5,,65,64,64,67.5,65,67,,
,,,6.5,61,10,16.5,8,,,,,,,R77,,,,R77,125,,168,,147,,165,,,,,,,,,,,,6.5,,,,53,,57,65,54,,,,,
,,,,,,,4,,,,,,,R78,,,,R78,165,,189,,197,,191,,,,,,,,,,,,9,,,,60,,68,69,66.5,69,,,,
,,,,,,,5,,,,,,,R79,,,,R79,175,,170,,193,,,,,,,,,,,,,,7,,,,62,,67,63.5,68,,,,,
,,,,,7,44.5,76,35.5,11,30,29,22,12,R80,,,,R80,188,,155,,186,,,,,,,,,,,,,,8.5,,,,42,,72,68,73,,,,,
,,,,,,,,,,,,,4.5,R81,,,,R81,132,,145,,176,,,,,,,,,,,,,,15,,,,60,,59.5,61.5,62.5,,,,,
,,,,,,,,,,,5,27,23,R82,,,,R82,152,,198,,165,,,,,,,,,,,,,,10,,,,57,,66,72,67,,,,,
,,,,,,,,,,,,,4,R83,,,,R83,151,,181,,177,,,,,,,,,,,,,,9,,,,82,,67,67,69,,,,,
,,,,,,,,,,,,,4,R84,11,,,R84,188,,226,,111,,208,,129,,,,,,,,,,8.5,,,,77,13,77,66,156,74,65,,,
,,,41,82,12.5,67,31,25,60,13,6.5,11.5,4,R85,,,,R85,104,,136,,169,,,,,,,,,,,,,,5.5,,,,63,,56,69.9,68.5,,,,,
,,,,,,,,,17,23.5,16,,,R86,,,,R86,155,,161,,152,,,,,,,,,,,,,,11,,,,54,,64,64,63.5,,,,,
,,,,,,,,,,,5,,,R87,,,,R87,217,,221,,180,,165,,,,,,,,,,,,13.5,,,,71,,68,66,70,66.5,,,,
,,,,,,,,,,,10,,,R88,,,,R88,,,,,,,,,,,,,,,,,,,5.5,,,,55,,,,,,,,,
,,,,,,,,,,,4,,,R89,,,,R89,187,,218,,197,,,,,,,,,,,,,,10,,,,71,,69,73,70,,,,,
,,,,,,,,,,,11.5,,,R90,,,,R90,195,,202,,223,,192,,,,,,,,,,,,11.5,,,,8.5,,67,68.5,69,68,,,,
,,,,,,,,,6,7.5,32,,,R91,,,,R91,168,,143,,240,,,,,,,,,,,,,,7,,,,20,,64,60,77,,,,,
,,,,,,,,,,,6,,,R92,,,,R92,110,,154,,166,,184,,,,,,,,,,,,7.5,,,,83,,57,62.6,66,64.5,,,,
,,,,,,,,,,,5.5,,,R93,,,,R93,201,,199,,,,,,,,,,,,,,,,6.5,,,,58.5,,67,66,,,,,,
,,,,,,,,,,,9.5,,,R94,,,,R94,244,,217,,165,,,,,,,,,,,,,,10,,,,29,,71,70,64.5,,,,,
,,,,,,,,,,,5.5,,,R95,,,,R95,125,,197,,,,,,,,,,,,,,,,19,,,,43,,60.5,68,,,,,,
,,,,,,,,,12.5,27.5,4.5,,,R96,,,,R96,215,,172,,181,,,,,,,,,,,,,,6.5,,,,56,,70.5,61.5,65,,,,,
,,,,,,,,,,,21.5,,,R97,,,,R97,158,,169,,178,,,,,,,,,,,,,,15,,,,88,,65,68,64,,,,,
,,,,,,,,,,,4.5,,,R98,,,,R98,214,,184,,235,,,,,,,,,,,,,,6.5,,,,77,,69,63,66.5,,,,,
,,,,,,,,,,,26,,,R99,,,,R99,158,,230,,232,,204,,,,,,,,,,,,10,,,,76,,64,72,73.5,69.5,,,,
,,,,,,,,,,,6,,,R100,,,,R100,229,,242,,,,,,,,,,,,,,,,18,,,,74,,74,73,,,,,,
,,,10,71,45,18,27,,,,,,,R101,,,,R101,137,,173,,137,,,,,,,,,,,,,,6,,,,25,,60,62,64,,,,,
,,,,,,,3,,,,,,,R102,,,,R102,143,,207,,176,,169,,,,,,,,,,,,7,,,,49.5,,67.5,70,62.5,68.5,,,,
,,,,,4.5,17.5,17,12.5,5.5,,,,,R103,,,,R103,256,,,,,,,,,,,,,,,,,,10.5,,,,67,,74,,,,,,,
,,,,,0,,,,,,,,,R104,,,,R104,178,,178,,240,,177,,156,,,,,,,,,,6.5,,,,107,,65,66,70.5,69,64,,,
,,,,,6.5,17.5,13.5,,,,,,,R105,,,,R105,161,,192,,207,,173,,164,,,,,,,,,,10,,,,98,,66.5,67.5,70.5,63.5,65.5,,,
,,,,,0,,,,,,,,,R106,,,,R106,285,,209,,186,,201,,207,,,,,,,,,,13.5,,,,110,,78,67,67,70,69.5,,,
,,,,,4,49,8,30,56,,,,,R107,,,,R107,142,,219,,169,,,,,,,,,,,,,,17.5,,,,65,,57.9,71.5,64,,,,,
